Age,Avg Monthly GB Download,Avg Monthly Long Distance Charges,Churn,Churn Category,Churn Reason,Churn Score,City,CLTV,Contract,Country,Customer ID,Customer Status,Dependents,Device Protection Plan,Gender,Internet Service,Internet Type,Lat Long,Latitude,Longitude,Married,Monthly Charge,Multiple Lines,Number of Dependents,Number of Referrals,Offer,Online Backup,Online Security,Paperless Billing,Partner,Payment Method,Phone Service,Population,Premium Tech Support,Quarter,Referred a Friend,Satisfaction Score,Senior Citizen,State,Streaming Movies,Streaming Music,Streaming TV,Tenure in Months,Total Charges,Total Extra Data Charges,Total Long Distance Charges,Total Refunds,Total Revenue,Under 30,Unlimited Data,Zip Code
31,21,17.22,1,2,14,88,San Jose,4026,1,0,0378-XSZPU,0,0,1,1,1,0,"37.311088, -121.961786",37.311088,-121.961786,1,60.3,0,0,1,1,1,1,0,1,1,1,29914,0,0,1,2,0,0,0,0,0,58,3563.8,0,998.76,0.0,4562.56,0,1,95117
32,30,11.94,1,1,2,81,Stockton,5351,0,0,6023-YEBUP,0,0,1,1,1,0,"38.033219, -121.297433",38.033219,-121.297433,0,100.95,1,0,0,4,0,0,1,0,0,1,40611,0,0,0,1,0,0,1,1,1,3,329.95,10,35.82,0.0,375.77,0,0,95210
48,16,8.98,1,4,16,79,Mountain View,5413,0,0,7549-MYGPK,0,0,1,0,1,2,"37.380662, -122.086022",37.380662,-122.086022,1,100.55,1,0,3,1,1,1,1,1,0,1,32143,0,0,1,2,0,0,0,0,1,63,6215.35,0,565.74,0.0,6781.09,0,0,94040
30,30,17.22,1,3,7,80,Elk Grove,5944,0,0,0637-KVDLV,0,0,0,1,1,2,"38.35363, -121.44195",38.35363,-121.44195,0,76.5,1,0,0,4,0,0,1,0,0,1,47065,0,0,0,1,0,0,0,0,0,2,162.45,0,34.44,0.0,196.89,0,1,95758
39,13,35.18,1,1,2,65,Lebec,3972,0,0,6424-ELEYH,0,0,0,0,1,2,"34.845861, -118.885163",34.845861,-118.885163,1,74.75,1,0,1,4,0,0,1,1,1,1,1247,0,0,1,1,0,0,0,0,0,3,229.5,0,105.54,0.0,335.04,0,1,93243
59,26,0.0,1,2,17,82,Deer Park,5474,0,0,2011-TRQYE,0,0,1,1,1,1,"38.554383, -122.474773",38.554383,-122.474773,0,33.5,0,0,0,3,1,0,1,0,1,0,223,0,0,0,2,0,0,0,0,0,18,600.0,0,0.0,0.0,600.0,0,1,94576
63,3,44.73,1,1,3,75,Fallbrook,5861,0,0,3746-EUBYR,0,0,0,1,1,2,"33.362575, -117.299644",33.362575,-117.299644,1,74.6,1,0,1,4,0,0,1,1,0,1,42239,0,0,1,1,0,0,0,0,0,1,74.6,0,44.73,0.0,119.33,0,1,92028
77,19,6.97,1,1,3,69,Lewiston,5374,0,0,9391-EOYLI,0,0,0,1,1,2,"40.704293, -122.803899",40.704293,-122.803899,1,80.45,0,0,1,3,0,0,1,1,0,1,1845,0,0,1,2,1,0,1,0,0,12,950.2,0,83.64,0.0,1033.84,0,1,96052
64,17,32.87,1,4,12,78,Oakland,5830,0,0,4659-NZRUF,0,0,0,0,1,2,"37.834341, -122.26437",37.834341,-122.26437,0,95.15,1,0,0,3,1,1,1,0,0,1,21097,0,0,0,3,0,0,1,1,0,19,1789.25,120,624.53,0.0,2533.78,0,0,94609
73,19,0.0,1,3,15,72,Oakland,4694,0,0,5167-GBFRE,0,0,0,1,1,1,"37.803883, -122.208417",37.803883,-122.208417,0,25.2,0,0,0,4,0,0,1,0,0,0,28900,0,0,0,3,1,0,0,0,0,4,102.5,0,0.0,0.0,102.5,0,1,94602
23,59,21.56,1,1,3,80,Boulder Creek,3038,0,0,4361-BKAXE,0,0,1,0,1,2,"37.171727, -122.142961",37.171727,-122.142961,0,114.5,1,0,0,1,1,1,1,0,0,1,10520,1,0,0,1,0,0,1,1,1,41,4527.45,0,883.96,0.0,5411.41,1,1,95006
63,14,1.55,1,1,3,94,San Diego,5795,0,0,6599-CEBNN,0,0,0,0,1,2,"32.85723, -117.209780",32.85723,-117.209774,0,73.95,0,0,0,2,1,0,1,0,1,1,34902,0,0,0,3,0,0,0,0,0,34,2524.45,0,52.7,0.0,2577.15,0,1,92122
73,30,5.75,1,4,9,82,Los Angeles,2645,1,0,7657-DYEPJ,0,0,1,1,1,0,"34.066303, -118.435479",34.066303,-118.435479,0,70.15,0,0,0,2,1,0,1,0,1,1,44150,1,0,0,3,1,0,0,0,1,38,2497.35,0,218.5,0.0,2715.85,0,1,90024
36,20,39.9,1,3,7,91,Pasadena,3443,0,0,8229-TNIQA,0,0,0,0,1,0,"34.13946, -118.166649",34.13946,-118.166649,0,45.3,0,0,0,4,0,0,1,0,1,1,10253,0,0,0,2,0,0,0,0,0,4,196.95,0,159.6,0.0,356.55,0,1,91105
32,18,42.55,1,0,1,89,Lomita,4741,0,0,3096-IZETN,0,0,0,0,1,2,"33.794209, -118.317354",33.794209,-118.317354,0,78.1,0,0,0,3,0,0,0,0,0,1,21065,0,0,0,3,0,0,1,1,0,12,947.3,0,510.6,0.0,1457.9,0,1,90717
73,6,30.17,1,1,3,81,San Diego,5536,0,0,9497-QCMMS,0,0,0,1,1,2,"32.825086, -117.199424",32.825086,-117.199424,0,93.55,1,0,0,4,0,0,1,0,0,1,51213,0,0,0,1,1,0,1,0,1,1,93.55,0,30.17,0.0,123.72,0,1,92117
44,22,17.18,1,0,1,95,Woodland,4110,0,0,4250-FDVOU,0,0,0,0,1,1,"38.71967, -121.862416",38.71967,-121.862416,0,56.25,0,0,0,4,1,1,0,0,0,1,38547,0,0,0,1,0,0,0,0,0,6,389.1,0,103.08,0.0,492.18,0,1,95695
24,47,6.36,1,0,0,71,Delano,4736,1,0,4800-CZMPC,0,0,0,0,1,2,"35.772244, -119.209689",35.772244,-119.209689,1,103.25,1,0,1,1,1,1,1,1,1,1,37280,0,0,1,1,0,0,1,1,1,48,5037.55,0,305.28,0.0,5342.83,1,1,93215
62,18,26.51,1,1,3,91,San Diego,4971,0,0,7394-FKDNK,0,0,0,0,1,2,"32.886925, -117.152162",32.886925,-117.152162,1,89.45,0,0,3,4,0,0,0,1,0,1,74232,0,0,1,2,0,0,1,1,1,9,853.1,0,238.59,0.0,1091.69,0,1,92126
58,30,46.17,1,1,4,91,Gustine,2007,0,0,4702-IOQDC,0,0,0,0,1,2,"37.147198, -121.120161",37.147198,-121.120161,0,70.1,0,0,0,4,0,0,1,0,0,1,7872,0,0,0,3,0,0,0,0,0,1,70.1,0,46.17,0.0,116.27,0,1,95322
41,6,0.0,1,0,0,85,Linden,3605,0,0,5868-CZJDR,0,0,0,1,1,1,"38.047746, -121.030499",38.047746,-121.030499,0,31.35,0,0,0,4,1,0,1,0,2,0,3148,0,0,0,2,0,0,0,0,0,1,31.35,80,0.0,0.0,111.35,0,0,95236
57,12,25.79,1,3,13,66,Berkeley,4103,0,0,2979-SXESE,0,0,1,0,1,0,"37.863843, -122.275684",37.863843,-122.275684,1,94.4,1,0,1,3,0,1,0,1,0,1,19763,0,0,1,1,0,0,0,0,1,17,1607.2,0,438.43,0.0,2045.63,0,1,94703
46,3,0.0,1,1,2,76,San Francisco,2734,0,0,3538-WZPHD,0,0,0,1,1,0,"37.736535, -122.45732",37.736535,-122.45732,0,29.6,0,0,0,4,1,0,1,0,0,0,20643,0,0,0,1,0,0,0,0,0,3,79.45,0,0.0,0.0,79.45,0,1,94127
21,30,42.98,1,2,18,87,San Mateo,4626,0,0,2150-UWTFY,0,1,1,0,1,1,"37.556634, -122.317723",37.556634,-122.317723,1,61.15,0,3,1,3,1,1,0,1,1,1,23393,0,0,1,1,0,0,0,0,0,22,1422.05,80,945.56,0.0,2447.61,1,0,94402
47,6,1.13,1,4,16,80,South Lake Tahoe,5086,0,0,9725-SCPZG,0,0,0,1,1,2,"38.911577, -120.106169",38.911577,-120.106169,0,90.85,0,0,0,4,0,0,1,0,0,1,33038,0,0,0,3,0,0,1,1,1,1,90.85,0,1.13,0.0,91.98,0,1,96150
25,71,33.88,1,3,7,82,Redway,4495,2,0,9053-JZFKV,0,0,1,1,1,2,"40.142256, -123.852927",40.142256,-123.852927,0,116.2,1,0,0,0,1,1,0,0,1,1,1851,1,0,0,2,0,0,1,1,1,67,7752.3,0,2269.96,0.0,10022.26,1,1,95560
31,9,0.0,1,1,3,70,Temecula,4909,0,0,5261-QSHQM,0,0,0,0,1,1,"33.507255, -117.029473",33.507255,-117.029473,0,24.45,0,0,0,4,0,0,1,0,0,0,46171,0,0,0,1,0,0,0,0,0,4,86.6,0,0.0,0.0,86.6,0,1,92592
64,9,13.64,1,1,3,70,San Diego,5148,0,0,4373-MAVJG,0,0,0,0,1,2,"32.825086, -117.199424",32.825086,-117.199424,1,90.9,1,0,1,3,1,0,1,1,0,1,51213,0,0,1,2,0,0,1,1,0,14,1259.0,0,190.96,0.0,1449.96,0,1,92117
21,71,14.6,1,2,17,76,La Habra,4415,0,0,0404-SWRVG,0,1,0,1,1,2,"33.940619, -117.9513",33.940619,-117.9513,0,74.4,1,2,0,4,0,0,1,0,0,1,67354,0,0,0,1,0,0,0,1,0,3,229.55,0,43.8,8.74,264.61,1,1,90631
30,59,41.78,1,2,10,76,Modesto,2632,0,0,4847-QNOKA,0,0,0,0,1,1,"37.672906, -120.946594",37.672906,-120.946594,0,44.9,0,0,0,4,0,0,1,0,0,1,47613,0,0,0,2,0,0,0,0,0,1,44.9,0,41.78,0.0,86.68,0,1,95355
65,6,16.36,1,1,3,88,Byron,5203,0,0,1965-AKTSX,0,0,0,0,1,2,"37.83323, -121.601461",37.83323,-121.601461,0,78.95,1,0,0,3,1,0,1,0,0,1,10153,0,0,0,1,1,0,0,0,0,14,1101.85,0,229.04,0.0,1330.89,0,1,94514
77,18,26.95,1,4,9,81,Pasadena,4419,0,0,2070-FNEXE,0,1,0,0,1,2,"34.159007, -118.087353",34.159007,-118.087353,0,76.45,0,2,0,4,0,1,0,0,0,1,32369,0,0,0,2,1,0,0,0,0,7,503.6,0,188.65,11.05,681.2,0,0,91107
32,28,20.52,1,1,2,94,Long Beach,2786,0,0,3874-EQOEP,0,1,0,1,1,0,"33.783047, -118.1486",33.783047,-118.1486,0,95.0,1,4,0,4,0,0,0,0,1,1,43467,0,0,0,1,0,0,1,1,1,7,655.5,10,143.64,36.6,772.54,0,0,90804
55,4,46.36,1,0,1,65,Westlake Village,4852,0,0,0923-PNFUB,0,0,0,0,1,2,"34.130992, -118.894673",34.130992,-118.894673,0,83.75,0,0,0,4,1,0,0,0,0,1,18735,0,0,0,2,0,0,0,0,1,3,247.25,0,139.08,0.0,386.33,0,1,91361
57,24,42.67,1,2,17,85,San Bernardino,5591,2,0,3512-IZIKN,0,0,1,0,1,1,"34.183286, -117.221722",34.183286,-117.221722,1,65.3,1,0,1,0,0,1,0,1,1,1,53636,1,0,1,1,0,0,0,0,0,70,4759.75,0,2986.9,0.0,7746.65,0,1,92404
69,6,7.94,1,4,16,94,Torrance,5884,0,0,7056-IMHCC,0,0,0,1,1,2,"33.833699, -118.314387",33.833699,-118.314387,1,101.9,1,0,1,1,1,0,1,1,0,1,40705,0,0,1,1,1,0,1,0,1,53,5549.4,0,420.82,0.0,5970.22,0,1,90501
62,10,32.12,1,1,3,74,Temecula,5056,0,0,7548-SEPYI,0,0,0,0,1,2,"33.507255, -117.029473",33.507255,-117.029473,0,96.25,0,0,0,4,1,0,1,0,0,1,46171,0,0,0,2,0,0,1,1,1,5,512.45,0,160.6,0.0,673.05,0,1,92592
31,10,37.76,1,3,13,81,Sunnyvale,2928,0,0,4512-ZUIYL,0,0,0,0,1,2,"37.421633, -122.009613",37.421633,-122.009613,0,70.0,0,0,0,4,0,0,0,0,0,1,16985,0,0,0,3,0,0,0,0,0,2,153.05,0,75.52,0.0,228.57,0,1,94089
29,52,31.14,1,1,4,68,Riverside,4403,0,0,2930-UOTMB,0,0,1,0,1,0,"33.930931, -117.361788",33.930931,-117.361788,0,65.25,1,0,0,2,0,1,0,0,1,1,42425,1,0,0,1,0,0,0,0,0,31,1994.3,120,965.34,0.0,3079.64,1,0,92506
45,9,32.33,1,0,0,87,Santa Cruz,3473,0,0,6857-VWJDT,0,0,0,0,1,2,"36.993451, -122.098858",36.993451,-122.098858,0,95.65,1,0,0,4,0,0,0,0,1,1,43192,0,0,0,2,0,0,1,1,1,1,95.65,0,32.33,0.0,127.98,0,1,95060
55,2,0.0,1,1,4,93,Larkspur,2863,0,0,5669-SRAIP,0,0,1,0,1,1,"37.937082, -122.532369",37.937082,-122.532369,0,39.5,0,0,0,4,0,0,0,0,0,0,6773,0,0,0,2,0,0,1,1,0,5,210.75,0,0.0,39.27,171.48,0,1,94939
80,30,31.91,1,4,12,94,Malibu,4322,0,0,4713-LZDRV,0,0,0,0,1,0,"34.037037, -118.705803",34.037037,-118.705803,0,79.6,0,0,0,4,0,0,1,0,0,1,11,0,0,0,3,1,0,1,0,0,2,195.05,0,63.82,0.0,258.87,0,1,90263
67,20,0.0,1,1,2,89,Sutter,3766,0,0,7890-VYYWG,0,0,0,1,1,1,"39.172777, -121.805845",39.172777,-121.805845,1,36.45,0,0,1,4,0,0,1,1,1,0,3193,0,0,1,1,1,0,0,0,1,3,93.7,0,0.0,0.0,93.7,0,1,95982
20,82,41.22,1,2,14,89,Calistoga,4800,1,0,2157-MXBJS,0,0,1,1,1,0,"38.629618, -122.593216",38.629618,-122.593216,1,75.3,1,0,1,3,0,0,1,1,1,1,7384,0,0,1,3,0,0,1,1,1,13,989.45,0,535.86,0.0,1525.31,1,1,94515
59,30,7.99,1,3,13,65,Navarro,2578,0,0,6521-YYTYI,0,0,0,1,1,2,"39.182916, -123.552571",39.182916,-123.552571,0,93.3,1,0,0,4,0,0,1,0,0,1,148,0,0,0,3,0,0,1,1,1,1,93.3,0,7.99,0.0,101.29,0,1,95463
44,16,44.94,1,1,2,85,Merced,5622,0,0,2004-OCQXK,0,0,0,0,1,2,"37.40122, -120.514191",37.40122,-120.514191,0,81.95,0,0,0,4,0,0,1,0,0,1,23100,0,0,0,1,0,0,1,1,0,1,81.95,0,44.94,0.0,126.89,0,1,95348
40,30,35.87,1,3,7,78,Seeley,6006,0,0,8624-GIOUT,0,0,0,0,1,1,"32.790282, -115.689559",32.790282,-115.689559,0,59.75,1,0,0,1,1,1,1,0,1,1,1632,0,0,0,1,0,0,0,0,0,49,2934.3,0,1757.63,0.0,4691.93,0,1,92273
20,59,5.54,1,3,7,86,San Diego,4115,0,0,5366-IJEQJ,0,0,1,1,1,2,"32.787836, -117.232355",32.787836,-117.232376,0,88.7,1,0,0,3,0,0,1,0,0,1,46086,0,0,0,1,0,0,0,0,1,20,1761.45,0,110.8,0.0,1872.25,1,1,92109
25,41,4.82,1,3,7,90,Anza,3698,0,0,0524-IAVZO,0,0,0,0,1,2,"33.527605, -116.666551",33.527605,-116.666551,1,85.0,1,0,1,2,0,0,1,1,0,1,3745,0,0,1,2,0,0,1,1,0,30,2624.25,0,144.6,0.0,2768.85,1,1,92539
48,8,45.59,1,4,16,69,Pollock Pines,2545,0,0,6979-ZNSFF,0,0,0,0,1,2,"38.733908, -120.453416",38.733908,-120.453416,0,87.05,1,0,0,4,0,0,1,0,0,1,8577,0,0,0,1,0,0,0,0,1,8,762.1,0,364.72,0.0,1126.82,0,1,95726
56,21,6.47,1,1,4,81,Sacramento,2699,0,0,2962-XPMCQ,0,0,0,1,1,1,"38.486938, -121.395805",38.486938,-121.395805,0,45.15,0,0,0,4,0,0,1,0,0,1,54880,0,0,0,2,0,0,0,0,0,2,98.5,0,12.94,0.0,111.44,0,1,95828
48,23,22.97,1,4,9,95,Squaw Valley,4931,0,0,5597-GLBUC,0,0,1,0,1,2,"36.719141, -119.202677",36.719141,-119.202677,0,85.45,0,0,0,4,0,0,1,0,0,1,3146,0,0,0,2,0,0,0,0,1,1,85.45,0,22.97,0.0,108.42,0,1,93675
36,9,17.46,1,2,17,79,Los Angeles,5047,0,0,1513-XNPPH,0,0,1,0,1,2,"34.002642, -118.287596",34.002642,-118.287596,0,89.4,0,0,0,3,0,0,1,0,0,1,56709,1,0,0,1,0,0,1,1,0,12,1095.65,0,209.52,0.0,1305.17,0,1,90037
29,29,0.0,1,2,17,94,Glendale,4851,0,0,1024-GUALD,0,0,0,0,1,1,"34.182378, -118.262922",34.182378,-118.262922,1,24.8,0,0,4,4,0,0,1,1,0,0,9864,0,0,1,1,0,0,0,1,0,1,24.8,0,0.0,0.0,24.8,1,1,91207
62,12,15.69,1,1,2,91,Modesto,2860,0,0,1373-ORVIZ,0,0,0,0,1,1,"37.621458, -121.012295",37.621458,-121.012295,1,66.35,1,0,1,3,0,0,1,1,0,1,47536,1,0,1,1,0,0,1,1,0,11,740.8,0,172.59,0.0,913.39,0,1,95351
42,17,19.02,1,4,16,90,Tuolumne,3344,1,0,4789-KWMXN,0,0,1,1,1,2,"37.939768, -120.188002",37.939768,-120.188002,1,110.85,1,0,1,1,0,1,1,1,1,1,3979,1,0,1,1,0,0,1,1,1,47,5275.8,0,893.94,4.93,6164.81,0,1,95379
69,14,43.96,1,1,3,92,Somis,5203,0,0,1304-NECVQ,0,0,1,0,1,2,"34.297628, -119.014627",34.297628,-119.014627,0,78.55,1,0,0,4,0,0,1,0,0,1,2966,0,0,0,2,1,0,0,0,0,2,149.55,0,87.92,0.0,237.47,0,1,93066
74,8,26.12,1,1,2,81,San Jose,2076,0,0,7503-QQRVF,0,0,0,1,1,2,"37.375156, -121.795867",37.375156,-121.795867,1,74.3,0,0,1,3,1,0,1,1,1,1,60620,0,0,1,1,1,0,0,0,0,16,1178.25,0,417.92,0.0,1596.17,0,1,95127
76,30,15.28,1,3,7,76,Los Alamitos,3964,0,0,0390-DCFDQ,0,1,0,0,1,2,"33.79499, -118.065591",33.79499,-118.065591,1,70.45,0,2,1,4,0,0,1,1,2,1,21343,0,0,1,2,1,0,0,0,0,1,70.45,0,15.28,0.0,85.73,0,1,90720
38,4,0.0,1,1,5,91,Sacramento,3051,1,0,8627-EHGIP,0,0,1,1,1,0,"38.646096, -121.442433",38.646096,-121.442433,0,53.95,0,0,0,1,1,0,1,0,1,0,34894,0,0,0,2,0,0,1,1,1,44,2375.4,0,0.0,0.0,2375.4,0,1,95838
31,30,4.41,1,1,3,70,Los Angeles,5955,0,0,4855-SNKMY,0,0,0,0,1,1,"34.066303, -118.435479",34.066303,-118.435479,0,44.1,0,0,0,4,0,0,1,0,0,1,44150,0,0,0,3,0,0,0,0,0,1,44.1,0,4.41,0.0,48.51,0,1,90024
66,8,5.21,1,1,2,83,Los Angeles,3676,0,0,3217-FZDMN,0,0,1,0,1,2,"33.973616, -118.24902",33.973616,-118.24902,0,94.45,0,0,0,4,0,0,1,0,1,1,54492,0,0,0,1,1,0,1,0,1,8,742.95,0,41.68,0.0,784.63,0,1,90001
54,26,5.43,1,0,1,78,La Puente,5347,0,0,1195-OIYEJ,0,0,0,1,1,2,"34.038983, -117.991372",34.038983,-117.991372,0,91.1,0,0,0,3,0,0,1,0,0,1,30802,0,0,0,2,0,0,1,1,1,13,1135.7,80,70.59,0.0,1286.29,0,0,91746
63,5,14.21,1,2,18,95,Canoga Park,2445,0,0,5569-KGJHX,0,0,0,0,1,2,"34.19829, -118.602203",34.19829,-118.602203,1,85.35,1,0,1,4,0,0,1,1,0,1,23519,0,0,1,3,0,0,0,0,1,9,754.65,50,127.89,0.0,932.54,0,0,91303
26,26,21.28,1,2,14,78,Lafayette,3599,0,0,1226-UDFZR,0,0,0,0,1,0,"37.907777, -122.127161",37.907777,-122.127161,0,49.6,0,0,0,4,1,0,1,0,1,1,23996,0,0,0,1,0,0,0,0,0,2,114.7,0,42.56,0.0,157.26,1,1,94549
28,85,29.24,1,0,1,90,Los Angeles,4231,0,0,6347-DCUIK,0,0,0,1,1,2,"33.988543, -118.334081",33.988543,-118.334081,0,74.15,1,0,0,3,0,0,1,0,1,1,44764,0,0,0,1,0,0,0,1,0,10,811.8,0,292.4,0.0,1104.2,1,1,90043
21,71,2.18,1,1,2,90,Camp Nelson,6189,1,0,3870-MQAMG,0,0,1,0,1,2,"36.057458, -118.591951",36.057458,-118.591951,1,110.35,1,0,1,1,1,0,0,1,0,1,191,1,0,1,1,0,0,1,1,1,54,5893.15,0,117.72,0.0,6010.87,1,1,93208
62,22,23.96,1,1,4,75,Sacramento,2038,0,0,8740-CRYFY,0,0,0,1,1,2,"38.475465, -121.443625",38.475465,-121.443625,0,78.95,0,0,0,4,0,0,1,0,0,1,72199,0,0,0,2,0,0,0,0,1,1,78.95,0,23.96,0.0,102.91,0,1,95823
62,9,12.06,1,2,17,91,Fremont,2026,0,0,9170-CCKOU,0,0,1,1,1,2,"37.516791, -121.899117",37.516791,-121.899117,1,90.2,1,0,1,3,1,1,0,1,1,1,46917,0,0,1,1,0,0,0,0,0,17,1454.15,0,205.02,0.0,1659.17,0,1,94539
33,26,25.11,1,0,0,91,Fresno,3819,0,0,4143-OOBWZ,0,0,0,1,1,2,"36.793601, -119.761131",36.793601,-119.761131,1,81.3,1,0,0,4,1,0,1,1,0,1,39148,0,0,0,2,0,0,0,0,0,5,416.3,0,125.55,0.0,541.85,0,1,93726
23,59,0.0,1,2,10,66,Sanger,4917,0,0,4628-CTTLA,0,0,0,1,1,1,"36.819628, -119.440414",36.819628,-119.440414,0,39.3,0,0,0,1,1,0,1,0,0,0,28991,0,0,0,1,0,0,0,1,1,57,2111.45,80,0.0,0.0,2191.45,1,0,93657
71,15,31.65,1,1,3,79,Castaic,2987,0,0,3672-YITQD,0,0,0,1,1,2,"34.506627, -118.699048",34.506627,-118.699048,1,84.1,1,0,1,2,0,0,1,1,0,1,22177,0,0,1,1,1,0,1,0,0,36,3021.6,0,1139.4,0.0,4161.0,0,1,91384
65,8,26.32,1,1,3,91,Downey,2194,0,0,1389-CXMLU,0,0,1,1,1,2,"33.921793, -118.140588",33.921793,-118.140588,0,91.05,1,0,0,4,0,0,0,0,0,1,42459,0,0,0,2,1,0,0,0,1,3,289.1,0,78.96,0.0,368.06,0,1,90242
44,17,10.49,1,1,4,72,Santa Ana,2744,0,0,0939-YAPAF,0,0,1,0,1,2,"33.748478, -117.858918",33.748478,-117.858918,0,100.25,1,0,0,2,0,0,1,0,0,1,58157,0,0,0,3,0,0,1,1,1,35,3527.6,0,367.15,0.0,3894.75,0,1,92701
42,21,42.83,1,2,11,65,Stevinson,2813,0,0,2154-KVJFF,0,0,0,0,1,2,"37.316807, -120.855753",37.316807,-120.855753,0,79.75,1,0,0,3,1,0,1,0,0,1,1960,0,0,0,3,0,0,0,0,0,15,1111.85,0,642.45,0.0,1754.3,0,1,95374
41,23,36.91,1,1,3,68,Fallbrook,5762,0,0,4210-QFJMF,0,0,0,0,1,2,"33.362575, -117.299644",33.362575,-117.299644,0,79.15,0,0,0,4,0,0,1,0,0,1,42239,0,0,0,1,0,0,1,1,0,4,317.25,0,147.64,0.0,464.89,0,1,92028
47,29,40.79,1,1,2,68,Nice,5598,0,0,8878-HMWBV,0,0,1,1,1,1,"39.12334, -122.838198",39.12334,-122.838198,0,49.15,0,0,0,4,0,0,1,0,0,1,2223,0,0,0,1,0,0,0,0,0,3,169.05,10,122.37,0.0,301.42,0,0,95464
77,28,19.46,1,0,0,91,San Diego,4060,1,0,6664-FPDAC,0,0,1,0,1,2,"32.762506, -117.07245",32.762506,-117.07245,0,111.95,1,0,0,1,1,0,1,0,0,1,56887,1,0,0,3,1,0,1,0,1,56,6418.9,0,1089.76,0.0,7508.66,0,1,92115
33,10,49.4,1,1,5,93,Lodi,5202,0,0,0772-GYEQQ,0,0,1,1,1,2,"38.123544, -121.159078",38.123544,-121.159078,0,88.35,0,0,0,4,0,0,1,0,1,1,45755,1,0,0,2,0,0,0,0,1,3,262.05,0,148.2,0.0,410.25,0,1,95240
54,8,20.86,1,1,3,91,San Diego,5383,0,0,1010-DIAUQ,0,0,1,1,1,2,"32.85723, -117.209773",32.85723,-117.209774,0,96.5,0,0,0,4,0,0,0,0,0,1,34902,0,0,0,3,0,0,1,1,1,5,492.55,0,104.3,0.0,596.85,0,1,92122
58,21,29.24,1,0,1,85,Newport Coast,4146,1,0,2659-VXMWZ,0,0,1,1,1,2,"33.603282, -117.821841",33.603282,-117.821841,1,111.3,1,0,0,0,1,1,1,1,0,1,5597,0,0,0,3,0,0,1,1,1,67,7482.1,0,1959.08,0.0,9441.18,0,1,92657
41,30,23.95,1,1,4,93,Oxnard,3365,1,0,7716-YTYHG,0,0,0,0,1,2,"34.223244, -119.18012",34.223244,-119.18012,1,82.05,1,0,1,1,0,0,1,1,2,1,79736,0,0,1,2,0,0,1,1,0,48,4029.95,0,1149.6,0.0,5179.55,0,1,93030
20,71,29.98,1,2,18,89,Santa Rosa,5668,0,0,8111-RKSPX,0,0,0,1,1,2,"38.460517, -122.790335",38.460517,-122.790335,0,72.2,1,0,0,4,0,0,1,0,0,1,36125,0,0,0,2,0,0,0,1,0,4,305.55,0,119.92,0.0,425.47,1,1,95401
75,8,33.49,1,4,9,68,Visalia,6405,1,0,0406-BPDVR,0,0,0,0,1,2,"36.303793, -119.375646",36.303793,-119.375646,1,101.5,1,0,0,1,1,0,1,1,1,1,44741,0,0,0,2,1,0,1,1,1,54,5373.1,0,1808.46,0.0,7181.56,0,1,93277
68,25,0.0,1,2,17,93,Davenport,4564,0,0,5649-TJHOV,0,0,0,1,1,1,"37.114335, -122.237162",37.114335,-122.237162,1,36.5,0,0,1,2,0,0,0,1,0,0,857,0,0,1,1,1,0,1,0,0,27,1032.0,30,0.0,0.0,1062.0,0,0,95017
58,12,47.83,1,3,13,86,Wheatland,2937,0,0,1541-ETJZO,0,0,1,1,1,1,"39.043387, -121.409837",39.043387,-121.409837,0,62.05,1,0,0,4,0,0,0,0,2,1,3600,1,0,0,2,0,0,0,0,0,1,62.05,10,47.83,0.0,119.88,0,0,95692
69,15,30.87,1,1,3,91,San Diego,2018,0,0,7534-BFESC,0,0,0,1,1,2,"32.85723, -117.209754",32.85723,-117.209774,0,76.1,1,0,0,2,0,0,1,0,0,1,34902,0,0,0,2,1,0,0,0,0,24,1712.7,0,740.88,0.0,2453.58,0,1,92122
72,15,34.51,1,1,2,96,Hermosa Beach,3438,0,0,8375-DKEBR,0,0,0,0,1,2,"33.86532, -118.396336",33.86532,-118.396336,0,69.6,0,0,0,4,0,0,1,0,0,1,18693,0,0,0,1,1,0,0,0,0,1,69.6,0,34.51,0.0,104.11,0,1,90254
55,30,28.04,1,0,0,87,Placentia,5075,0,0,6372-RFVNS,0,0,0,0,1,2,"33.881158, -117.854783",33.881158,-117.854783,1,78.8,0,0,1,4,0,0,0,1,0,1,48170,0,0,1,3,0,0,0,0,1,1,78.8,0,28.04,0.0,106.84,0,1,92870
26,71,3.27,1,0,1,80,San Diego,5554,0,0,3521-SYVOR,0,0,0,0,1,0,"32.886925, -117.152162",32.886925,-117.152162,0,64.75,0,0,0,2,0,0,1,0,0,1,74232,0,0,0,1,0,0,1,1,1,37,2345.2,0,120.99,0.0,2466.19,1,1,92126
71,23,47.66,1,1,3,91,Boulder Creek,3878,0,0,6595-YGXIT,0,0,0,1,1,2,"37.171727, -122.142961",37.171727,-122.142961,0,88.95,1,0,0,2,1,0,1,0,0,1,10520,0,0,0,2,1,0,0,0,1,25,2291.2,0,1191.5,0.0,3482.7,0,1,95006
73,3,42.1,1,2,14,74,Torrance,5247,0,0,3768-NLUBH,0,0,1,1,1,2,"33.840399, -118.353714",33.840399,-118.353714,1,100.6,1,0,1,1,0,0,0,1,0,1,41979,0,0,1,1,1,0,1,0,1,57,5746.15,0,2399.7,0.0,8145.85,0,1,90503
32,25,38.51,1,1,3,82,Stockton,2414,0,0,7851-WZEKY,0,0,0,0,1,2,"38.029729, -121.387999",38.029729,-121.387999,0,95.15,1,0,0,4,0,0,1,0,0,1,19109,0,0,0,2,0,0,1,1,1,2,196.9,0,77.02,0.0,273.92,0,1,95219
53,12,0.0,1,0,0,76,Shafter,5360,0,0,0601-WZHJF,0,0,0,1,1,1,"35.490705, -119.286833",35.490705,-119.286833,1,46.35,0,0,1,3,0,0,0,1,0,0,15177,0,0,1,3,0,0,1,1,1,14,667.7,0,0.0,0.0,667.7,0,1,93263
28,69,34.44,1,0,1,67,Newhall,4097,0,0,0621-TWIEM,0,0,0,1,1,0,"34.370378, -118.504118",34.370378,-118.504118,0,45.55,0,0,0,3,0,0,1,0,0,1,30742,0,0,0,1,0,0,0,1,0,10,402.6,0,344.4,0.0,747.0,1,1,91321
75,29,40.45,1,0,1,90,Berkeley,5906,0,0,4822-RVYBB,0,0,1,1,1,2,"37.871416, -122.246597",37.871416,-122.246597,0,100.6,1,0,0,4,0,0,1,0,0,1,21205,0,0,0,1,1,0,1,0,1,8,819.4,0,323.6,0.0,1143.0,0,1,94704
51,3,22.56,1,2,10,76,San Jose,2876,0,0,8364-TRMMK,0,0,0,0,1,0,"37.424655, -121.74841",37.424655,-121.74841,0,50.65,1,0,0,4,0,0,1,0,2,1,40568,0,0,0,1,0,0,0,0,0,3,151.3,0,67.68,0.0,218.98,0,1,95132
27,59,14.96,1,0,1,78,San Gabriel,2010,0,0,7603-USHJS,0,1,0,1,1,2,"34.114772, -118.089431",34.114772,-118.089431,0,73.75,1,1,0,3,0,0,1,0,1,1,23444,0,0,0,3,0,0,0,1,0,12,871.4,0,179.52,0.0,1050.92,1,1,91775
46,7,36.65,1,2,14,81,Irvine,4669,1,0,2325-ZUSFD,0,0,0,0,1,1,"33.720359, -117.733655",33.720359,-117.733655,1,70.1,0,0,1,1,0,1,1,1,0,1,2762,0,0,1,1,0,0,1,1,1,57,3913.3,0,2089.05,0.0,6002.35,0,1,92602
31,22,25.75,1,0,1,90,Granada Hills,4718,0,0,7517-SAWMO,0,0,0,0,1,2,"34.291273, -118.505104",34.291273,-118.505104,1,73.2,0,0,1,3,0,1,1,1,0,1,48867,0,0,1,2,0,0,0,0,0,19,1441.1,0,489.25,0.0,1930.35,0,1,91344
54,4,22.56,1,1,2,70,Madera,2576,0,0,4289-DTDKW,0,0,0,1,1,0,"36.902954, -120.194274",36.902954,-120.194274,1,101.3,1,0,1,1,1,0,1,1,0,1,28434,0,0,1,1,0,0,1,1,1,40,4113.1,0,902.4,0.0,5015.5,0,1,93637
39,24,27.99,1,2,17,89,Huntington Beach,6424,2,0,5089-IFSDP,0,0,1,0,1,2,"33.723579, -118.005441",33.723579,-118.005441,1,109.45,1,0,1,1,1,1,1,1,0,1,58764,0,0,1,1,0,0,1,1,1,58,6144.55,0,1623.42,0.0,7767.97,0,1,92647
30,69,10.11,1,2,14,70,Hume,4584,0,0,8481-YYXWG,0,0,0,0,1,2,"36.807595, -118.901544",36.807595,-118.901544,0,89.35,0,0,0,4,1,0,1,0,0,1,93,1,0,0,3,0,0,1,1,0,5,461.7,0,50.55,0.0,512.25,0,1,93628
43,23,39.81,1,1,2,78,Moorpark,4739,0,0,0151-ONTOV,0,0,0,0,1,2,"34.312945, -118.858169",34.312945,-118.858169,0,70.9,0,0,0,4,0,0,0,0,2,1,32984,0,0,0,1,0,0,0,0,0,1,70.9,0,39.81,0.0,110.71,0,1,93021
49,25,1.36,1,3,13,92,El Monte,2414,0,0,6331-EWIEB,0,0,0,1,1,2,"34.079934, -118.046695",34.079934,-118.046695,0,85.25,1,0,0,3,0,0,1,0,0,1,30211,0,0,0,2,0,0,0,0,1,20,1734.5,0,27.2,0.0,1761.7,0,1,91731
31,8,0.0,1,3,7,81,Los Angeles,4476,0,0,0375-HVGXO,0,0,0,0,1,1,"33.954017, -118.402447",33.954017,-118.402447,0,34.7,0,0,0,4,0,0,1,0,0,0,39334,0,0,0,3,0,0,0,0,1,1,34.7,0,0.0,0.0,34.7,0,1,90045
73,19,17.19,1,3,7,94,Emeryville,3167,0,0,1324-NLTJE,0,0,0,0,1,1,"37.83726, -122.287648",37.83726,-122.287648,0,55.0,1,0,0,3,0,0,0,0,1,1,24589,1,0,0,1,1,0,0,0,0,15,757.1,0,257.85,0.0,1014.95,0,1,94608
28,73,32.76,1,0,0,72,Mill Valley,3916,0,0,7938-OUHIO,0,0,1,1,1,2,"37.901371, -122.572024",37.901371,-122.572024,0,98.7,0,0,0,4,0,0,1,0,0,1,28727,1,0,0,3,0,0,1,1,1,3,293.65,0,98.28,0.0,391.93,1,1,94941
67,27,30.63,1,2,18,90,Catheys Valley,2709,0,0,2454-RPBRZ,0,0,1,0,1,2,"37.394411, -120.127262",37.394411,-120.127262,1,98.1,1,0,1,3,1,0,1,1,0,1,986,0,0,1,3,1,0,0,0,1,12,1060.2,0,367.56,49.06,1378.7,0,1,95306
46,19,16.55,1,3,7,92,Westwood,4779,0,0,1086-LXKFY,0,0,0,0,1,2,"40.271535, -121.018087",40.271535,-121.018087,1,69.1,0,0,1,4,0,0,1,1,1,1,4158,0,0,1,1,0,0,0,0,0,1,69.1,0,16.55,0.0,85.65,0,1,96137
22,59,44.28,1,1,2,73,Sacramento,2961,0,0,5729-KLZAR,0,0,0,0,1,2,"38.550722, -121.457314",38.550722,-121.457314,1,80.85,0,0,1,4,0,0,0,1,0,1,14966,0,0,1,1,0,0,1,1,0,4,302.75,40,177.12,0.0,519.87,1,0,95817
66,22,26.22,1,2,18,87,Lucerne Valley,5527,0,0,4201-JMNGR,0,0,1,0,1,0,"34.508417, -116.856103",34.508417,-116.856103,0,55.8,0,0,0,4,0,1,1,0,0,1,5256,0,0,0,1,1,0,0,0,0,1,55.8,0,26.22,0.0,82.02,0,1,92356
78,28,18.39,1,0,1,91,Yorba Linda,4196,0,0,3419-SNJJD,0,0,1,0,1,2,"33.884073, -117.732197",33.884073,-117.732197,1,105.25,1,0,3,1,0,1,0,1,0,1,20893,0,0,1,1,1,0,1,0,1,65,6786.4,0,1195.35,0.0,7981.75,0,1,92887
71,14,15.28,1,0,1,79,Glendale,4499,0,0,8080-DDEMJ,0,0,0,1,1,0,"34.136306, -118.26036",34.136306,-118.26036,0,45.1,0,0,0,4,0,0,0,0,0,1,17015,0,0,0,2,1,0,0,0,0,1,45.1,0,15.28,0.0,60.38,0,1,91204
55,19,42.14,1,3,7,81,San Diego,2071,1,0,2321-OMBXY,0,0,0,0,1,1,"32.85723, -117.209759",32.85723,-117.209774,1,80.3,0,0,1,2,1,1,0,1,1,1,34902,1,0,1,1,0,0,1,1,1,38,3058.65,0,1601.32,0.0,4659.97,0,1,92122
26,59,14.78,1,1,3,76,San Diego,2431,0,0,6905-NIQIN,0,0,0,1,1,1,"32.85723, -117.209776",32.85723,-117.209774,0,50.65,0,0,0,4,1,0,0,0,1,1,34902,0,0,0,1,0,0,0,1,0,1,50.65,0,14.78,0.0,65.43,1,1,92122
68,25,28.12,1,4,8,87,Pacific Palisades,2373,0,0,4325-NFSKC,0,0,0,1,1,2,"34.079449, -118.548306",34.079449,-118.548306,0,90.6,1,0,0,3,0,1,1,0,0,1,22548,0,0,0,1,1,0,0,0,1,19,1660.0,0,534.28,0.0,2194.28,0,1,90272
53,20,31.49,1,4,12,72,Lakewood,2206,0,0,5955-ERIHD,0,0,0,1,1,2,"33.840524, -118.148403",33.840524,-118.148403,1,94.7,1,0,1,3,0,0,1,1,0,1,30173,0,0,1,1,0,0,1,1,1,18,1687.95,0,566.82,0.0,2254.77,0,1,90712
44,19,40.15,1,0,0,69,Aromas,5701,0,0,3387-VATUS,0,0,0,1,1,2,"36.878364, -121.629781",36.878364,-121.629781,0,94.85,1,0,0,4,0,0,1,0,0,1,3373,0,0,0,3,0,0,1,1,1,5,462.8,0,200.75,0.0,663.55,0,1,95004
61,21,49.2,1,4,8,90,Fremont,4525,0,0,7593-JNWRU,0,1,0,1,1,1,"37.505768, -121.962472",37.505768,-121.962472,1,44.6,0,1,5,4,0,0,1,1,0,1,56126,0,0,1,2,0,0,0,0,0,6,260.8,0,295.2,0.0,556.0,0,1,94538
21,53,32.85,1,3,7,80,Fresno,5951,0,0,3027-ZTDHO,0,0,0,1,1,2,"36.732694, -119.783786",36.732694,-119.783786,0,89.9,0,0,0,4,0,0,1,0,0,1,6848,0,0,0,1,0,0,1,1,1,1,89.9,0,32.85,0.0,122.75,1,1,93721
48,21,27.24,1,0,0,87,Solvang,5102,0,0,0156-FVPTA,0,0,0,1,1,1,"34.624399, -120.137875",34.624399,-120.137875,1,54.2,0,0,1,3,0,1,1,1,0,1,7958,1,0,1,2,0,0,0,0,0,22,1152.7,0,599.28,0.0,1751.98,0,1,93463
42,30,39.03,1,1,3,80,San Diego,5055,0,0,9689-PTNPG,0,0,0,1,1,2,"32.886925, -117.152162",32.886925,-117.152162,0,80.25,0,0,0,4,0,0,1,0,0,1,74232,0,0,0,1,0,0,0,0,1,2,144.55,10,78.06,0.0,232.61,0,0,92126
63,22,48.31,1,0,0,65,Plymouth,4879,0,0,6595-COKXZ,0,0,0,0,1,0,"38.489273, -120.891614",38.489273,-120.891614,0,44.45,0,0,0,4,0,0,1,0,2,1,2220,0,0,0,3,0,0,0,0,0,1,44.45,0,48.31,0.0,92.76,0,1,95669
51,30,30.52,1,3,7,80,Irvine,5679,0,0,9282-IZGQK,0,0,0,0,1,2,"33.643095, -117.810896",33.643095,-117.810896,0,85.0,1,0,0,4,0,0,1,0,0,1,41062,0,0,0,3,0,0,1,1,0,1,85.0,0,30.52,0.0,115.52,0,1,92612
29,46,13.04,1,1,3,65,San Francisco,5341,0,0,3066-RRJIO,0,0,0,0,1,2,"37.722302, -122.491129",37.722302,-122.491129,0,69.95,0,0,0,4,0,0,1,0,1,1,26297,0,0,0,3,0,0,0,0,0,1,69.95,0,13.04,0.0,82.99,1,1,94132
26,52,0.0,1,1,4,88,Avenal,2802,0,0,3815-SLMEF,0,0,0,0,1,0,"35.916943, -120.129921",35.916943,-120.129921,0,34.25,0,0,0,4,0,1,0,0,2,0,14697,1,0,0,1,0,0,0,0,0,3,139.35,0,0.0,0.0,139.35,1,1,93204
51,19,12.13,1,1,2,90,Glencoe,4548,0,0,4603-JANFB,0,0,0,1,1,2,"38.358464, -120.579304",38.358464,-120.579304,0,69.85,0,0,0,4,0,0,1,0,0,1,21,0,0,0,1,0,0,0,0,0,1,69.85,0,12.13,0.0,81.98,0,1,95232
47,2,24.76,1,0,0,80,Lompoc,4193,0,0,5229-PRWKT,0,0,0,1,1,2,"34.757477, -120.550507",34.757477,-120.550507,0,86.55,1,0,0,4,0,0,1,0,0,1,6165,0,0,0,3,0,0,1,1,0,8,649.65,0,198.08,0.0,847.73,0,1,93437
37,29,18.26,1,0,0,89,Caspar,2075,0,0,7547-EKNFS,0,0,1,1,1,2,"39.361283, -123.784599",39.361283,-123.784599,1,95.25,1,0,1,1,1,0,1,1,0,1,333,0,0,1,1,0,0,0,0,1,42,3959.35,0,766.92,27.3,4698.97,0,1,95420
30,41,10.79,1,1,5,90,Denair,4873,0,0,3982-XWFZQ,0,0,0,0,1,0,"37.524721, -120.757977",37.524721,-120.757977,1,50.25,1,0,2,1,0,0,1,1,0,1,5513,0,0,1,2,0,0,0,0,0,42,2203.65,0,453.18,28.49,2628.34,0,1,95316
46,15,0.0,1,0,1,84,Homewood,2613,0,0,4592-IWTJI,0,1,0,0,1,0,"39.117018, -120.212535",39.117018,-120.212535,1,29.7,0,2,1,4,0,1,0,1,1,0,858,0,0,1,1,0,0,0,0,0,3,91.7,0,0.0,0.0,91.7,0,1,96141
52,27,7.64,1,1,3,80,Lemon Cove,2323,0,0,7538-GWHML,0,0,0,0,1,2,"36.462671, -118.997291",36.462671,-118.997291,0,69.65,0,0,0,4,0,0,0,0,0,1,293,0,0,0,2,0,0,0,0,0,2,145.15,0,15.28,0.0,160.43,0,1,93244
55,20,39.6,1,1,5,85,Antioch,4639,0,0,6172-FECYY,0,0,0,1,1,2,"37.980057, -121.801599",37.980057,-121.801599,1,84.5,1,0,1,1,0,0,0,1,0,1,90891,0,0,1,3,0,0,0,0,1,49,4254.85,0,1940.4,0.0,6195.25,0,1,94509
70,5,12.08,1,1,3,83,San Diego,4149,1,0,5020-ZSTTY,0,0,0,0,1,1,"32.85723, -117.209761",32.85723,-117.209774,0,82.45,1,0,0,1,1,1,0,0,0,1,34902,1,0,0,1,1,0,1,1,1,54,4350.1,0,652.32,0.0,5002.42,0,1,92122
60,23,48.97,1,0,0,92,Dana Point,4490,0,0,2514-GINMM,0,0,0,1,1,2,"33.477923, -117.705314",33.477923,-117.705314,0,79.5,0,0,0,4,0,0,1,0,0,1,27730,0,0,0,2,0,0,0,0,1,1,79.5,0,48.97,0.0,128.47,0,0,92629
60,8,40.66,1,4,16,73,Los Angeles,4519,0,0,9103-TCIHJ,0,0,0,0,1,1,"33.927254, -118.249826",33.927254,-118.249826,0,55.7,1,0,0,3,0,1,1,0,2,1,38128,0,0,0,2,0,0,0,0,0,15,899.8,0,609.9,0.0,1509.7,0,1,90059
35,27,19.18,1,4,8,91,Yermo,4748,0,0,0727-IWKVK,0,0,1,1,1,2,"35.013299, -116.834092",35.013299,-116.834092,1,79.9,0,0,0,4,1,0,1,1,0,1,1195,0,0,0,2,0,0,0,0,0,9,741.7,0,172.62,0.0,914.32,0,1,92398
19,51,44.46,1,4,8,88,Los Angeles,4903,0,0,7963-GQRMY,0,0,0,0,1,1,"34.076259, -118.310715",34.076259,-118.310715,1,44.3,0,0,1,4,0,0,0,1,1,1,67852,0,0,1,2,0,0,0,1,0,3,134.5,0,133.38,0.0,267.88,1,1,90004
80,12,48.8,1,1,4,91,Alpaugh,6268,1,0,4913-EHYUI,0,0,1,1,1,2,"35.869626, -119.498771",35.869626,-119.498771,1,104.55,1,0,0,1,0,1,1,1,0,1,1054,0,0,0,1,1,0,1,0,1,56,5794.65,0,2732.8,0.0,8527.45,0,1,93201
79,27,34.69,1,0,1,76,San Bernardino,5154,0,0,6712-OAWRH,0,0,0,0,1,2,"34.084909, -117.258107",34.084909,-117.258107,0,91.25,0,0,0,2,0,0,1,0,0,1,12149,0,0,0,3,1,0,1,0,1,26,2351.8,0,901.94,0.0,3253.74,0,1,92408
74,10,13.17,1,3,7,73,San Diego,2671,0,0,5804-LEPIM,0,0,0,0,1,2,"32.85723, -117.209762",32.85723,-117.209774,0,70.35,0,0,0,4,0,0,1,0,0,1,34902,0,0,0,3,1,0,0,0,0,2,139.05,0,26.34,0.0,165.39,0,1,92122
64,16,43.48,1,0,0,93,Lompoc,4531,0,0,4797-AXPXK,0,1,0,0,1,1,"34.601055, -120.382917",34.601055,-120.382917,0,60.0,0,2,0,4,1,1,1,0,0,1,51737,1,0,0,1,0,0,0,0,0,1,60.0,10,43.48,0.0,113.48,0,0,93436
33,22,10.5,1,0,1,68,San Francisco,4095,0,0,9600-UDOPK,0,0,0,1,1,2,"37.770533, -122.445121",37.770533,-122.445121,1,94.05,1,0,1,2,0,0,1,1,1,1,38756,0,0,1,3,0,0,1,1,1,30,2866.45,0,315.0,0.0,3181.45,0,1,94117
64,19,2.03,1,1,3,91,Temecula,5764,0,0,2873-ZLIWT,0,0,1,0,1,2,"33.507255, -117.029473",33.507255,-117.029473,1,84.85,1,0,1,1,0,0,1,1,0,1,46171,1,0,1,2,0,0,0,0,0,40,3303.05,0,81.2,0.0,3384.25,0,1,92592
26,53,11.51,1,0,1,83,Tujunga,4690,0,0,1875-QIVME,0,1,1,0,1,2,"34.296574, -118.244839",34.296574,-118.244839,1,104.4,1,3,1,4,0,0,1,1,0,1,26753,1,0,1,3,0,0,1,1,1,2,242.8,0,23.02,45.44,220.38,1,1,91042
72,18,3.33,1,1,2,95,Pico Rivera,4638,0,0,4412-YLTKF,0,1,1,0,1,2,"33.989524, -118.089299",33.989524,-118.089299,0,78.05,1,1,0,2,0,0,1,0,0,1,63288,0,0,0,1,1,0,0,0,0,27,2135.5,10,89.91,0.0,2235.41,0,0,90660
49,2,16.28,1,1,2,93,Lemon Cove,5963,0,0,4391-RESHN,0,0,1,1,1,2,"36.462671, -118.997291",36.462671,-118.997291,0,104.05,1,0,0,3,0,0,1,0,1,1,293,1,0,0,1,0,0,1,1,1,23,2470.1,0,374.44,0.0,2844.54,0,1,93244
49,5,19.98,1,2,18,83,Modesto,5533,0,0,2868-MZAGQ,0,0,0,1,1,2,"37.639029, -120.964772",37.639029,-120.964772,0,79.25,0,0,0,4,0,0,1,0,0,1,27135,0,0,0,1,0,0,1,1,0,1,79.25,0,19.98,0.0,99.23,0,1,95354
39,21,9.05,1,0,1,93,Caliente,4884,0,0,5196-SGOAK,0,0,0,0,1,2,"35.358953, -118.527064",35.358953,-118.527064,0,75.7,0,0,0,4,1,0,1,0,0,1,1022,0,0,0,3,0,0,0,0,0,1,75.7,0,9.05,0.0,84.75,0,1,93518
54,26,6.78,1,4,16,69,Kirkwood,2008,0,0,9330-IJWIO,0,0,0,0,1,2,"38.631489, -120.015167",38.631489,-120.015167,0,100.35,1,0,0,3,0,1,1,0,0,1,129,0,0,0,1,0,0,1,1,1,13,1358.85,0,88.14,34.09,1412.9,0,1,95646
30,26,48.8,1,1,3,80,San Diego,4020,0,0,0979-PHULV,0,0,1,1,1,2,"32.85723, -117.209781",32.85723,-117.209774,1,99.45,1,0,2,0,0,0,1,1,1,1,34902,0,0,1,3,0,0,1,1,1,69,7007.6,0,3367.2,0.0,10374.8,0,1,92122
30,52,25.39,1,0,0,87,Mentone,4212,0,0,4349-GFQHK,0,0,1,1,1,1,"34.103578, -117.04054",34.103578,-117.04054,0,54.35,1,0,0,4,0,0,0,0,0,1,7324,0,0,0,3,0,0,0,0,0,1,54.35,0,25.39,0.0,79.74,0,1,92359
30,52,5.78,1,1,3,69,San Diego,5715,0,0,7563-BIUPC,0,0,0,1,1,2,"32.85723, -117.209758",32.85723,-117.209774,0,80.6,0,0,0,4,0,0,1,0,0,1,34902,0,0,0,2,0,0,0,0,1,5,415.55,40,28.9,36.44,448.01,0,0,92122
80,24,29.12,1,4,9,89,Whittier,6080,2,0,7359-SSBJK,0,0,0,0,1,1,"33.960891, -118.032222",33.960891,-118.032222,0,70.2,0,0,0,1,1,1,1,0,1,1,38181,1,0,0,1,1,0,0,0,1,64,4481.0,0,1863.68,0.0,6344.68,0,1,90605
72,18,1.26,1,2,17,91,Spring Valley,3157,0,0,6900-PXRMS,0,0,1,1,1,2,"32.730264, -116.950963",32.730264,-116.950963,1,105.75,1,0,0,2,1,0,0,1,0,1,7863,0,0,0,1,1,0,1,1,1,26,2710.25,90,32.76,0.0,2833.01,0,0,91978
70,29,35.1,1,3,7,91,Sierra City,2080,0,0,3318-OSATS,0,0,0,1,1,2,"39.600599, -120.636358",39.600599,-120.636358,0,95.45,1,0,0,2,0,0,1,0,0,1,348,0,0,0,2,1,0,1,0,1,35,3474.05,80,1228.5,0.0,4782.55,0,0,96125
51,16,0.0,1,2,14,66,Riverside,3099,1,0,8205-OTCHB,0,0,1,1,1,1,"33.930931, -117.361788",33.930931,-117.361788,0,43.75,0,0,0,3,1,0,1,0,0,0,42425,0,0,0,3,0,0,1,1,0,22,903.6,0,0.0,0.0,903.6,0,1,92506
60,13,15.03,1,1,3,91,San Diego,3407,0,0,9530-EHPOH,0,0,1,1,1,1,"32.787836, -117.232364",32.787836,-117.232376,0,53.75,1,0,0,3,0,0,0,0,0,1,46086,0,0,0,1,0,0,0,0,0,11,608.0,0,165.33,0.0,773.33,0,1,92109
38,8,5.4,1,1,2,91,Klamath River,5160,1,0,9254-RBFON,0,0,1,0,1,2,"41.816595, -122.948287",41.816595,-122.948287,1,98.6,0,0,1,3,0,0,0,1,0,1,482,1,0,1,2,0,0,1,1,1,17,1704.95,0,91.8,0.0,1796.75,0,1,96050
20,30,0.0,1,1,2,91,Orange,5450,0,0,5759-RCVCB,0,0,0,0,1,1,"33.792791, -117.789749",33.792791,-117.789749,0,35.2,0,0,0,4,0,0,0,0,1,0,37916,0,0,0,1,0,0,0,0,1,3,108.95,0,0.0,0.0,108.95,1,1,92869
63,20,43.32,1,1,2,96,Armona,3223,0,0,7488-MXJIV,0,0,0,0,1,2,"36.315979, -119.710852",36.315979,-119.710852,0,85.65,1,0,0,4,0,0,1,0,0,1,2872,0,0,0,1,0,0,0,0,1,4,321.65,10,173.28,0.0,504.93,0,0,93202
68,11,47.28,1,1,3,91,San Diego,4287,0,0,4795-KTRTH,0,0,0,0,1,2,"32.85723, -117.209774",32.85723,-117.209774,1,81.0,1,0,1,4,1,0,1,1,0,1,34902,0,0,1,1,1,0,0,0,0,5,371.65,10,236.4,40.64,577.41,0,0,92122
49,25,6.24,1,1,3,71,San Diego,3452,0,0,9526-JAWYF,0,0,1,1,1,2,"32.886925, -117.152162",32.886925,-117.152162,0,89.8,0,0,0,2,1,0,0,0,0,1,74232,0,0,0,1,0,0,0,0,1,26,2335.3,0,162.24,0.0,2497.54,0,1,92126
20,26,20.26,1,0,1,80,Ventura,3578,0,0,2506-CLAKW,0,0,1,0,1,2,"34.279221, -119.221437",34.279221,-119.221437,0,98.15,0,0,0,4,1,1,1,0,0,1,46894,1,0,0,1,0,0,1,1,0,6,567.45,0,121.56,0.0,689.01,1,1,93003
41,18,22.11,1,1,3,78,San Diego,5973,0,0,7825-GKXMW,0,0,0,0,1,1,"32.898613, -117.202937",32.898613,-117.202937,0,45.8,0,0,0,4,0,0,0,0,0,1,4258,0,0,0,1,0,0,0,0,0,1,45.8,10,22.11,0.0,77.91,0,0,92121
30,85,47.51,1,0,0,79,Fellows,5948,0,0,1320-HTRDR,0,0,0,0,1,2,"35.215731, -119.57013",35.215731,-119.57013,0,75.5,1,0,0,4,0,0,1,0,0,1,626,0,0,0,2,0,0,0,0,0,3,220.6,0,142.53,0.0,363.13,0,1,93224
49,19,1.86,1,1,3,91,Hat Creek,3878,0,0,7551-DACSP,0,1,1,1,1,1,"40.789799, -121.474529",40.789799,-121.474529,1,55.3,0,1,1,4,1,0,1,1,2,1,397,0,0,1,2,0,0,0,0,0,6,324.25,0,11.16,0.0,335.41,0,1,96040
72,20,41.43,1,1,5,91,Los Angeles,4618,0,0,4816-JBHOV,0,0,0,1,1,0,"33.952714, -118.292061",33.952714,-118.292061,0,44.7,0,0,0,4,0,0,1,0,0,1,87383,0,0,0,1,1,0,0,0,0,2,93.7,0,82.86,0.0,176.56,0,1,90044
33,11,5.92,1,3,7,85,Lake Forest,2966,0,0,1342-JPNKI,0,0,0,1,1,2,"33.644849, -117.684254",33.644849,-117.684254,0,86.05,1,0,0,3,0,0,1,0,0,1,59176,0,0,0,3,0,0,0,0,1,10,834.1,0,59.2,0.0,893.3,0,1,92630
75,18,29.68,1,0,1,75,Loleta,4371,0,0,7206-GZCDC,0,0,0,0,1,0,"40.665952, -124.240051",40.665952,-124.240051,0,69.25,0,0,0,4,0,0,1,0,0,1,1447,0,0,0,2,1,0,0,0,0,1,69.25,0,29.68,0.0,98.93,0,1,95551
35,17,46.99,1,1,2,73,North Hollywood,2850,0,0,4547-LYTDD,0,0,0,0,1,2,"34.1692, -118.372498",34.1692,-118.372498,0,72.65,1,0,0,3,0,0,0,0,0,1,36625,0,0,0,1,0,0,0,0,0,16,1194.3,0,751.84,0.0,1946.14,0,1,91601
26,41,19.68,1,1,5,71,Cantua Creek,2363,0,0,7089-IVVAZ,0,0,0,0,1,2,"36.488056, -120.407691",36.488056,-120.407691,0,103.35,1,0,0,4,0,1,1,0,0,1,1766,1,0,0,1,0,0,1,1,1,8,847.3,0,157.44,0.0,1004.74,1,1,93608
39,26,33.57,1,1,3,71,Walnut Creek,5026,0,0,8818-XYFCQ,0,0,0,1,1,2,"37.916648, -122.008483",37.916648,-122.008483,1,99.55,1,0,1,2,0,1,1,1,1,1,26022,0,0,1,1,0,0,1,1,1,32,3204.65,110,1074.24,35.82,4353.07,0,0,94598
73,27,22.5,1,1,3,94,San Diego,3208,0,0,8000-REIQB,0,0,0,0,1,2,"32.825086, -117.199424",32.825086,-117.199424,0,69.95,0,0,0,4,0,0,1,0,0,1,51213,0,0,0,2,1,0,0,0,0,1,69.95,10,22.5,0.0,102.45,0,0,92117
47,25,49.13,1,4,9,91,Pinecrest,5107,0,0,0475-RIJEP,0,0,0,1,1,2,"38.224869, -119.755729",38.224869,-119.755729,0,77.85,1,0,0,1,1,0,1,0,0,1,235,0,0,0,1,0,0,0,0,0,43,3365.85,0,2112.59,0.0,5478.44,0,1,95364
60,4,9.36,1,0,1,91,Santa Paula,6001,0,0,3571-RFHAR,0,0,1,1,1,2,"34.402343, -119.094824",34.402343,-119.094824,0,109.15,1,0,0,1,1,0,1,0,0,1,32511,1,0,0,2,0,0,1,1,1,65,6941.2,140,608.4,0.0,7689.6,0,0,93060
52,28,34.74,1,1,3,83,Temecula,4811,0,0,9801-GDWGV,0,0,1,0,1,2,"33.507255, -117.029473",33.507255,-117.029473,0,103.45,1,0,0,2,1,0,1,0,0,1,46171,0,0,0,2,0,0,1,1,1,39,3994.45,0,1354.86,0.0,5349.31,0,1,92592
21,48,9.56,1,1,2,84,Lucerne Valley,4417,0,0,0880-TKATG,0,0,1,1,1,2,"34.508417, -116.856103",34.508417,-116.856103,1,101.15,1,0,3,4,0,0,0,1,0,1,5256,0,0,1,1,0,0,1,1,1,4,385.9,0,38.24,0.0,424.14,1,1,92356
41,16,30.19,1,4,9,91,La Puente,4884,0,0,4959-JOSRX,0,0,0,0,1,0,"34.031441, -117.936436",34.031441,-117.936436,1,44.6,0,0,3,4,0,0,1,1,1,1,84965,0,0,1,2,0,0,0,0,0,2,80.55,0,60.38,0.0,140.93,0,1,91744
25,59,21.62,1,2,11,88,Westwood,3591,0,0,2612-RRIDN,0,0,0,1,1,2,"40.271535, -121.018087",40.271535,-121.018087,0,81.0,0,0,0,4,0,0,1,0,0,1,4158,0,0,0,2,0,0,0,1,1,4,340.85,50,86.48,0.0,477.33,1,0,96137
27,52,29.69,1,0,0,72,Hopland,4662,0,0,2842-JTCCU,0,0,0,1,1,0,"38.93706, -123.118111",38.93706,-123.118111,0,46.05,0,0,0,4,0,0,0,0,0,1,1373,0,0,0,3,0,0,0,1,0,2,80.35,10,59.38,0.0,149.73,1,0,95449
48,12,48.47,1,4,16,94,San Dimas,4639,0,0,9821-POOTN,0,0,0,1,1,2,"34.102119, -117.815532",34.102119,-117.815532,1,75.2,1,0,1,2,0,0,1,1,0,1,33878,0,0,1,2,0,0,0,0,0,35,2576.2,0,1696.45,0.0,4272.65,0,1,91773
65,29,29.11,1,1,2,86,Covina,4616,0,0,9947-OTFQU,0,0,0,1,1,2,"34.097345, -117.906736",34.097345,-117.906736,0,74.4,0,0,0,3,1,0,1,0,0,1,33817,0,0,0,1,1,0,0,0,0,15,1074.3,0,436.65,0.0,1510.95,0,1,91722
76,5,1.47,1,1,3,82,San Diego,3861,0,0,4154-AQUGT,0,0,0,1,1,2,"32.957195, -117.202542",32.957195,-117.202542,1,89.05,0,0,1,3,1,0,1,1,0,1,28201,1,0,1,1,1,0,1,0,0,13,1169.35,0,19.11,0.0,1188.46,0,1,92130
47,21,48.58,1,0,1,76,Porter Ranch,4167,0,0,3669-OYSJI,0,0,0,1,1,1,"34.281911, -118.556218",34.281911,-118.556218,0,46.2,0,0,0,4,0,0,0,0,1,1,28067,0,0,0,2,0,0,0,0,0,1,46.2,0,48.58,0.0,94.78,0,1,91326
20,69,6.35,1,1,5,76,Ventura,3983,0,0,4765-OXPPD,0,0,1,0,1,0,"34.279221, -119.221437",34.279221,-119.221437,1,65.0,0,0,1,4,1,1,0,1,2,1,46894,1,0,1,1,0,0,0,0,0,9,663.05,0,57.15,0.0,720.2,1,1,93003
58,14,29.43,1,3,13,82,Tollhouse,4274,1,0,9101-BWFSS,0,0,0,0,1,2,"36.993666, -119.348267",36.993666,-119.348267,1,108.55,1,0,1,1,1,1,0,1,0,1,2633,1,0,1,2,0,0,1,1,1,50,5610.7,0,1471.5,0.0,7082.2,0,1,93667
65,13,18.37,1,2,17,67,Los Angeles,2139,0,0,9885-CSMWE,0,0,0,0,1,2,"34.027337, -118.28515",34.027337,-118.28515,0,78.45,0,0,0,4,0,0,0,0,0,1,45025,0,0,0,1,1,0,0,0,1,1,78.45,0,18.37,0.0,96.82,0,1,90007
68,12,39.78,1,1,3,91,San Diego,3438,0,0,5047-LHVLY,0,0,1,1,1,0,"32.898613, -117.202937",32.898613,-117.202937,0,50.15,0,0,0,4,0,0,1,0,2,1,4258,0,0,0,2,1,0,0,0,0,1,50.15,0,39.78,0.0,89.93,0,1,92121
49,14,16.07,1,4,9,76,March Air Reserve Base,2538,0,0,7783-YKGDV,0,0,1,0,1,2,"33.888323, -117.277533",33.888323,-117.277533,0,99.7,1,0,0,3,1,1,1,0,0,1,1005,0,0,0,1,0,0,1,1,0,12,1238.45,0,192.84,0.0,1431.29,0,1,92518
47,14,1.79,1,0,1,89,Tujunga,2251,0,0,8496-EJAUI,0,0,0,1,1,2,"34.296574, -118.244839",34.296574,-118.244839,0,73.85,0,0,0,3,1,0,1,0,1,1,26753,0,0,0,3,0,0,0,0,0,19,1424.5,130,34.01,0.0,1588.51,0,0,91042
35,18,27.97,1,0,1,66,Angelus Oaks,2901,0,0,1084-UQCHV,0,0,0,1,1,2,"34.1678, -116.86433",34.1678,-116.86433,0,69.75,0,0,0,4,0,0,0,0,0,1,301,0,0,0,2,0,0,0,0,0,1,69.75,0,27.97,0.0,97.72,0,1,92305
32,16,26.41,1,1,2,95,Fontana,2887,0,0,3106-ULWFW,0,0,0,0,1,2,"34.049671, -117.468896",34.049671,-117.468896,1,85.2,1,0,0,4,0,0,1,1,1,1,29847,0,0,0,1,0,0,1,1,0,8,627.4,0,211.28,0.0,838.68,0,1,92337
58,28,14.14,1,1,3,67,Escondido,3273,0,0,0220-EBGCE,0,0,1,1,1,2,"33.141265, -116.967221",33.141265,-116.967221,0,85.85,0,0,0,4,0,0,1,0,0,1,48690,0,0,0,1,0,0,1,1,0,2,167.3,0,28.28,0.0,195.58,0,1,92027
22,59,8.38,1,4,12,71,Fresno,4776,1,0,2748-MYRVK,0,0,0,0,1,2,"36.739385, -119.753649",36.739385,-119.753649,0,99.9,1,0,0,1,1,0,0,0,0,1,47999,0,0,0,3,0,0,1,1,1,63,6137.0,0,527.94,0.0,6664.94,1,1,93702
34,8,0.0,1,3,7,86,Torrance,3620,0,0,5673-TIYIB,0,0,1,1,1,1,"33.833181, -118.292062",33.833181,-118.292062,0,40.4,0,0,0,4,1,0,1,0,1,0,17058,1,0,0,3,0,0,0,0,0,2,77.15,0,0.0,0.0,77.15,0,1,90502
26,42,43.99,1,1,3,90,Novato,3937,0,0,6941-PMGEP,0,0,0,0,1,2,"38.135897, -122.563683",38.135897,-122.563683,0,80.0,0,0,0,4,0,0,1,0,0,1,16429,0,0,0,3,0,0,1,1,0,5,412.5,10,219.95,40.0,602.45,1,0,94945
42,9,29.11,1,1,2,92,Whittier,2220,0,0,1602-IJQQE,0,0,0,0,1,2,"33.972119, -118.020188",33.972119,-118.020188,0,75.35,1,0,0,4,0,0,0,0,0,1,26265,0,0,0,1,0,0,0,0,0,4,338.1,0,116.44,0.0,454.54,0,1,90602
33,7,19.2,1,2,18,76,Pinecrest,5338,0,0,3934-HXCFZ,0,0,1,1,1,2,"38.224869, -119.755729",38.224869,-119.755729,1,99.25,1,0,1,3,1,1,1,1,0,1,235,0,0,1,1,0,0,0,0,1,23,2186.4,0,441.6,0.0,2628.0,0,1,95364
64,24,8.56,1,1,3,81,San Diego,3424,0,0,5167-ZFFMM,0,0,0,1,1,2,"32.85723, -117.209777",32.85723,-117.209774,0,90.85,1,0,0,4,1,0,1,0,1,1,34902,0,0,0,3,0,0,1,1,0,1,90.85,0,8.56,0.0,99.41,0,1,92122
27,48,49.43,1,0,1,76,Madera,3042,0,0,1820-TQVEV,0,0,0,1,1,2,"37.004068, -119.930027",37.004068,-119.930027,0,69.55,0,0,0,4,0,0,1,0,0,1,49247,0,0,0,2,0,0,0,1,0,1,69.55,0,49.43,0.0,118.98,1,1,93638
73,19,38.06,1,1,3,87,San Diego,4424,0,0,6029-WTIPC,0,0,1,1,1,2,"32.787836, -117.232360",32.787836,-117.232376,0,101.1,1,0,0,2,0,0,1,0,0,1,46086,0,0,0,1,1,0,1,0,1,37,3744.05,0,1408.22,0.0,5152.27,0,1,92109
34,14,17.57,1,3,7,74,Annapolis,5353,1,0,8559-CIZFV,0,0,0,1,1,0,"38.731055, -123.316553",38.731055,-123.316553,1,77.5,1,0,1,3,1,1,0,1,2,1,747,1,0,1,2,0,0,0,0,1,21,1625.0,80,368.97,18.39,2055.58,0,0,95412
77,4,6.23,1,0,1,73,Sacramento,2174,0,0,4248-HCETZ,0,0,1,1,1,2,"38.584505, -121.491956",38.584505,-121.491956,1,79.65,0,0,1,2,1,0,1,1,1,1,16599,0,0,1,3,1,0,0,0,0,30,2365.15,0,186.9,0.0,2552.05,0,1,95814
74,17,48.85,1,1,3,69,Los Angeles,5302,0,0,7495-OOKFY,0,1,0,0,1,2,"34.044271, -118.185237",34.044271,-118.185237,1,80.65,1,1,1,4,1,0,1,1,1,1,55668,0,0,1,3,1,0,0,0,0,8,633.3,0,390.8,0.0,1024.1,0,1,90063
51,12,21.91,1,1,4,88,San Francisco,4713,0,0,3683-QKIUE,0,0,0,0,1,1,"37.768881, -122.395521",37.768881,-122.395521,0,50.8,0,0,0,4,0,0,1,0,0,1,17372,1,0,0,2,0,0,0,0,0,6,288.05,0,131.46,0.0,419.51,0,1,94107
61,13,0.0,1,0,1,83,San Dimas,2987,0,0,7384-GHBPI,0,0,0,1,1,0,"34.102119, -117.815532",34.102119,-117.815532,1,35.15,0,0,1,4,0,0,1,1,0,0,33878,0,0,1,2,0,0,1,1,0,3,99.75,0,0.0,0.0,99.75,0,1,91773
25,48,6.03,1,1,4,68,San Ysidro,2189,0,0,5899-MQZZL,0,0,0,0,1,2,"32.555828, -117.040073",32.555828,-117.040073,0,75.0,1,0,0,3,0,0,1,0,2,1,28488,0,0,0,2,0,0,0,1,0,13,999.45,0,78.39,0.0,1077.84,1,1,92173
31,21,1.49,1,1,2,92,Newport Beach,5974,0,0,5301-GAUUY,0,0,0,1,1,2,"33.601309, -117.902304",33.601309,-117.902304,0,80.35,1,0,0,2,1,0,1,0,0,1,4242,0,0,0,1,0,0,0,0,0,32,2596.15,0,47.68,0.0,2643.83,0,1,92661
26,46,34.49,1,0,0,87,San Dimas,4109,0,0,4548-SDBKE,0,0,0,0,1,2,"34.102119, -117.815532",34.102119,-117.815532,0,85.2,1,0,0,4,0,0,1,0,0,1,33878,0,0,0,3,0,0,0,1,1,5,474.8,0,172.45,0.0,647.25,1,1,91773
39,30,21.58,1,1,3,70,San Diego,2044,0,0,1024-VRZHF,0,0,0,1,1,2,"32.825086, -117.199424",32.825086,-117.199424,1,74.95,1,0,1,3,0,0,1,1,0,1,51213,0,0,1,1,0,0,0,0,0,11,825.7,0,237.38,0.0,1063.08,0,1,92117
21,51,37.83,1,2,14,80,Orinda,2627,0,0,6877-TJMBR,0,0,0,1,1,2,"37.873916, -122.20522",37.873916,-122.20522,1,84.8,0,0,1,4,0,0,1,1,0,1,17964,1,0,1,3,0,0,0,0,1,1,84.8,0,37.83,0.0,122.63,1,1,94563
54,12,26.81,1,1,3,91,San Diego,4535,0,0,7133-VBDCG,0,0,0,0,1,2,"32.961064, -117.134917",32.961064,-117.134917,0,79.85,0,0,0,2,1,1,1,0,0,1,47224,0,0,0,2,0,0,0,0,0,25,2015.35,0,670.25,0.0,2685.6,0,1,92129
48,13,9.95,1,4,16,72,Twentynine Palms,3260,0,0,9057-SIHCH,0,0,0,0,1,2,"34.457829, -116.139589",34.457829,-116.139589,0,96.6,1,0,0,4,0,0,1,0,0,1,14104,0,0,0,1,0,0,1,1,1,3,291.9,0,29.85,0.0,321.75,0,1,92278
24,85,36.14,1,1,4,75,Duarte,5651,1,0,8563-IIOXK,0,0,0,1,1,1,"34.145695, -117.95982",34.145695,-117.95982,1,49.75,0,0,4,4,0,1,1,1,0,1,27414,0,0,1,1,0,0,0,1,0,7,331.3,0,252.98,0.0,584.28,1,1,91010
39,30,18.99,1,0,0,96,Douglas City,5915,0,0,0637-YLETY,0,0,1,0,1,2,"40.586588, -122.903677",40.586588,-122.903677,0,95.6,1,0,0,3,1,0,1,0,1,1,960,0,0,0,1,0,0,1,1,0,16,1555.65,0,303.84,0.0,1859.49,0,1,96024
75,28,9.67,1,1,5,83,Shingletown,5030,0,0,3957-LXOLK,0,0,1,0,1,2,"40.497441, -121.827524",40.497441,-121.827524,0,106.15,1,0,0,2,1,0,1,0,0,1,4231,0,0,0,1,1,0,1,0,1,28,3152.5,0,270.76,0.0,3423.26,0,1,96088
25,41,40.22,1,1,2,83,Stockton,2832,0,0,7209-JCUDS,0,0,1,1,1,2,"38.049457, -121.21653",38.049457,-121.21653,0,94.9,0,0,0,3,0,0,1,0,0,1,6951,0,0,0,1,0,0,1,1,1,10,1048.85,0,402.2,0.0,1451.05,1,1,95212
58,11,44.97,1,1,4,77,Modesto,3368,0,0,9824-BEMCV,0,0,0,1,1,2,"37.671806, -121.007575",37.671806,-121.007575,1,69.0,0,0,1,3,0,0,1,1,0,1,52872,0,0,1,2,0,0,0,0,0,17,1149.65,0,764.49,0.0,1914.14,0,1,95350
26,47,14.79,1,1,2,86,Santa Monica,5034,2,0,3192-NQECA,0,0,1,1,1,2,"34.031529, -118.491156",34.031529,-118.491156,1,110.0,1,0,4,0,1,0,1,1,0,1,23559,1,0,1,2,0,0,1,1,1,68,7611.85,0,1005.72,0.0,8617.57,1,1,90403
28,48,8.8,1,1,5,69,Cupertino,5463,2,0,3400-ESFUW,0,0,0,1,1,1,"37.306612, -122.080621",37.306612,-122.080621,1,57.55,0,0,1,1,1,1,0,1,0,1,54431,1,0,1,1,0,0,0,0,0,55,3046.4,60,484.0,0.0,3590.4,1,0,95014
28,41,17.02,1,1,3,65,Temecula,2110,0,0,6821-BUXUX,0,0,0,0,1,2,"33.507255, -117.029473",33.507255,-117.029473,0,96.65,1,0,0,3,1,1,1,0,0,1,46171,0,0,0,1,0,0,0,0,1,13,1244.5,0,221.26,0.0,1465.76,1,1,92592
39,17,23.7,1,2,14,69,Arnold,2806,0,0,8280-MQRQN,0,0,1,0,1,0,"38.32153, -120.236358",38.32153,-120.236358,0,50.45,0,0,0,4,0,0,1,0,2,1,5159,0,0,0,3,0,0,0,0,0,1,50.45,0,23.7,0.0,74.15,0,1,95223
60,27,19.05,1,1,2,91,Phelan,4498,0,0,4640-UHDOS,0,0,0,0,1,1,"34.441123, -117.537886",34.441123,-117.537886,1,55.95,0,0,3,3,0,0,0,1,0,1,12463,0,0,1,1,0,0,1,1,0,13,734.35,0,247.65,0.0,982.0,0,1,92371
76,21,2.9,1,0,1,94,Crows Landing,2322,0,0,3714-JTVOV,0,0,0,0,1,2,"37.435664, -121.049056",37.435664,-121.049056,1,74.15,0,0,1,1,0,1,1,1,1,1,1508,0,0,1,1,1,0,0,0,0,42,3229.4,0,121.8,0.0,3351.2,0,1,95313
36,29,0.0,1,3,7,78,Snelling,4840,0,0,6581-NQCBA,0,0,0,0,1,1,"37.521708, -120.426843",37.521708,-120.426843,1,49.95,0,0,1,3,0,0,1,1,0,0,1158,1,0,1,1,0,0,1,1,1,16,810.2,0,0.0,0.0,810.2,0,1,95369
48,16,27.58,1,3,13,79,Mendocino,5066,0,0,7153-OANIO,0,0,0,1,1,2,"39.305545, -123.743697",39.305545,-123.743697,0,69.95,0,0,0,4,0,0,0,0,0,1,2229,0,0,0,1,0,0,0,0,0,1,69.95,0,27.58,0.0,97.53,0,1,95460
80,14,6.33,1,4,8,67,Whittier,2793,0,0,4846-WHAFZ,0,1,0,0,1,2,"33.972119, -118.020188",33.972119,-118.020188,1,76.5,1,1,1,2,0,0,1,1,0,1,26265,0,0,1,2,1,0,0,0,0,37,2868.15,0,234.21,0.0,3102.36,0,1,90602
35,4,0.0,1,0,1,94,Nipomo,4119,0,0,5057-LCOUI,0,0,1,0,1,1,"35.050345, -120.489599",35.050345,-120.489599,0,50.75,0,0,0,2,0,0,1,0,0,0,15405,0,0,0,3,0,0,1,1,1,39,2011.4,0,0.0,0.0,2011.4,0,1,93444
55,10,20.36,1,1,2,69,Atwater,5750,0,0,3992-YWPKO,0,0,1,0,1,2,"37.321233, -120.656354",37.321233,-120.656354,0,109.9,1,0,0,4,1,0,1,0,1,1,27808,1,0,0,1,0,0,1,1,1,6,669.45,0,122.16,0.0,791.61,0,1,95301
39,28,14.75,1,1,2,82,Modesto,4292,0,0,5027-QPKTE,0,0,0,1,1,2,"37.671806, -121.007575",37.671806,-121.007575,1,69.35,0,0,1,4,0,0,1,1,0,1,52872,0,0,1,1,0,0,0,0,0,7,451.1,10,103.25,0.0,564.35,0,0,95350
45,8,9.34,1,0,1,76,Sun City,4417,0,0,7927-AUXBZ,0,0,0,0,1,2,"33.707483, -117.200006",33.707483,-117.200006,0,85.15,0,0,0,2,0,0,0,0,0,1,18161,1,0,0,2,0,0,0,0,1,30,2555.9,0,280.2,0.0,2836.1,0,1,92586
38,27,42.46,1,1,2,91,Bodfish,4996,0,0,0970-ETWGE,0,0,0,1,1,0,"35.523991, -118.400432",35.523991,-118.400432,0,89.55,0,0,0,4,0,0,1,0,0,1,1954,0,0,0,2,0,0,1,1,1,1,89.55,0,42.46,0.0,132.01,0,1,93205
22,76,38.83,1,1,2,80,Independence,2939,0,0,2929-ERCFZ,0,0,1,0,1,2,"36.869584, -118.189241",36.869584,-118.189241,1,94.2,0,0,1,4,0,0,1,1,0,1,734,0,0,1,1,0,0,1,1,1,8,777.3,0,310.64,0.0,1087.94,1,1,93526
39,21,0.0,1,0,1,67,Running Springs,5422,1,0,8035-BUYVG,0,0,1,1,1,1,"34.186211, -117.07683",34.186211,-117.07683,1,42.35,0,0,1,1,1,1,1,1,0,0,5395,0,0,1,1,0,0,0,0,0,40,1716.45,0,0.0,0.0,1716.45,0,1,92382
21,48,16.78,1,4,16,73,Cupertino,5947,2,0,1555-DJEQW,0,0,1,0,1,2,"37.306612, -122.080621",37.306612,-122.080621,1,114.2,1,0,1,0,1,1,1,1,0,1,54431,1,0,1,1,0,0,1,1,1,70,7723.9,0,1174.6,48.54,8849.96,1,1,95014
72,13,18.2,1,0,0,82,Wrightwood,2146,0,0,8051-HJRLT,0,0,0,0,1,2,"34.358321, -117.618263",34.358321,-117.618263,0,70.55,0,0,0,4,0,0,1,0,0,1,4253,0,0,0,3,1,0,0,0,0,1,70.55,0,18.2,0.0,88.75,0,1,92397
27,59,23.0,1,1,2,89,Bakersfield,4133,0,0,3244-DCJWY,0,0,0,0,1,2,"35.392599, -119.245341",35.392599,-119.245341,0,70.25,0,0,0,4,0,0,1,0,0,1,40836,0,0,0,1,0,0,0,0,0,1,70.25,0,23.0,0.0,93.25,1,1,93312
80,28,30.37,1,2,18,89,San Jose,5082,0,0,1792-UXAFY,0,0,1,0,1,2,"37.34667, -121.910019",37.34667,-121.910019,0,89.15,0,0,0,3,1,0,1,0,0,1,18197,0,0,0,1,1,0,0,0,1,17,1496.9,0,516.29,0.0,2013.19,0,1,95110
27,73,31.24,1,0,0,68,Santa Barbara,5543,0,0,4307-KTUMW,0,0,1,1,1,2,"34.457541, -119.631072",34.457541,-119.631072,1,93.9,1,0,1,1,0,1,0,1,0,1,12741,0,0,1,1,0,0,1,1,0,53,5029.2,0,1655.72,0.0,6684.92,1,1,93108
66,27,42.82,1,1,3,91,San Diego,5502,0,0,0533-BNWKF,0,0,1,0,1,2,"32.85723, -117.209779",32.85723,-117.209774,1,85.45,1,0,2,1,1,0,1,1,0,1,34902,0,0,1,1,1,0,0,0,0,55,4874.7,90,2355.1,0.0,7319.8,0,0,92122
28,85,26.16,1,1,3,91,Dutch Flat,2777,0,0,0702-PGIBZ,0,0,0,1,1,2,"39.197215, -120.83679",39.197215,-120.83679,0,101.7,1,0,0,4,1,0,1,0,0,1,350,0,0,0,2,0,0,1,1,1,4,364.55,0,104.64,1.48,467.71,1,1,95714
60,2,32.43,1,0,1,74,Walnut,5339,0,0,4587-NUKOX,0,0,0,0,1,2,"34.018354, -117.85492",34.018354,-117.85492,0,79.1,0,0,0,4,1,1,1,0,0,1,45118,0,0,0,1,0,0,0,0,0,3,246.5,0,97.29,0.0,343.79,0,1,91789
26,85,23.63,1,1,2,88,Sacramento,5654,0,0,1582-RAFML,0,0,0,1,1,0,"38.625096, -121.383658",38.625096,-121.383658,0,60.1,1,0,0,4,1,0,0,0,2,1,35426,1,0,0,1,0,0,0,0,0,1,60.1,0,23.63,0.0,83.73,1,1,95821
19,76,0.0,1,1,3,65,Posey,3146,0,0,0822-GAVAP,0,0,0,0,1,1,"35.861928, -118.636698",35.861928,-118.636698,0,34.7,0,0,0,4,0,0,1,0,0,0,266,0,0,0,1,0,0,1,1,0,2,62.25,0,0.0,0.0,62.25,1,1,93260
61,29,44.34,1,1,5,79,San Francisco,4062,0,0,3519-ZKXGG,0,0,0,0,1,2,"37.800254, -122.436975",37.800254,-122.436975,1,75.85,1,0,1,4,0,0,1,1,0,1,22920,0,0,1,2,0,0,0,0,0,3,256.6,0,133.02,0.0,389.62,0,1,94123
70,19,46.38,1,0,1,96,Forest Ranch,2099,0,0,0529-ONKER,0,0,0,1,1,2,"40.077028, -121.494168",40.077028,-121.494168,0,75.65,1,0,0,3,0,0,0,0,0,1,1351,0,0,0,3,1,0,0,0,0,15,1146.65,0,695.7,0.0,1842.35,0,1,95942
73,30,29.41,1,0,0,90,Pismo Beach,5831,0,0,4369-HTUIF,0,0,0,1,1,2,"35.165668, -120.655842",35.165668,-120.655842,0,85.15,0,0,0,4,0,1,1,0,0,1,8564,0,0,0,2,1,0,0,0,1,6,503.6,0,176.46,0.0,680.06,0,1,93449
25,51,22.77,1,2,14,78,Old Station,5698,0,0,8806-EAGWC,0,0,0,1,1,1,"40.656287, -121.428965",40.656287,-121.428965,0,55.15,0,0,0,4,0,0,0,0,1,1,182,0,0,0,2,0,0,0,1,1,3,159.15,0,68.31,0.0,227.46,1,1,96071
41,18,19.15,1,3,7,90,Alhambra,4094,0,0,5583-SXDAG,0,0,0,1,1,2,"34.074736, -118.145959",34.074736,-118.145959,1,70.0,0,0,1,4,0,0,0,1,0,1,30635,0,0,1,3,0,0,0,0,0,1,70.0,10,19.15,0.0,99.15,0,0,91803
45,3,46.84,1,3,7,76,Lakewood,2570,0,0,2372-HWUHI,0,0,0,1,1,1,"33.840524, -118.148403",33.840524,-118.148403,0,44.35,0,0,0,4,0,0,0,0,0,1,30173,0,0,0,3,0,0,0,0,0,2,81.25,0,93.68,0.0,174.93,0,1,90712
57,3,7.62,1,1,2,91,Mira Loma,2504,0,0,1670-SVOWZ,0,0,0,0,1,2,"33.999992, -117.535395",33.999992,-117.535395,1,89.65,0,0,1,3,1,0,1,1,1,1,18980,1,0,1,1,0,0,1,1,0,14,1208.35,120,106.68,0.0,1435.03,0,0,91752
71,3,48.62,1,1,5,75,North Palm Springs,4876,0,0,6961-VCPMC,0,0,0,1,1,2,"33.906496, -116.569499",33.906496,-116.569499,1,80.4,0,0,1,1,0,0,1,1,0,1,732,0,0,1,3,1,0,1,0,0,46,3605.2,20,2236.52,0.0,5861.72,0,0,92258
73,27,10.19,1,1,3,75,Fallbrook,3444,0,0,3096-JRDSO,0,0,0,0,1,2,"33.362575, -117.299644",33.362575,-117.299644,1,104.3,1,0,5,2,0,1,1,1,0,1,42239,1,0,1,1,1,0,1,0,1,27,2867.75,0,275.13,0.0,3142.88,0,1,92028
56,30,30.28,1,0,0,90,Santa Ana,2468,0,0,8182-BJDSI,0,0,0,0,1,2,"33.766004, -117.786763",33.766004,-117.786763,0,89.95,1,0,0,2,1,0,1,0,0,1,44117,0,0,0,1,0,0,1,1,0,28,2625.55,0,847.84,0.0,3473.39,0,1,92705
25,48,36.34,1,2,14,68,Sherman Oaks,5129,0,0,9474-PHLYD,0,0,1,0,1,1,"34.146957, -118.432138",34.146957,-118.432138,0,59.45,0,0,0,3,0,0,1,0,0,1,29387,0,0,0,1,0,0,1,1,0,15,892.65,0,545.1,0.0,1437.75,1,1,91423
26,76,1.84,1,3,13,84,Mariposa,2548,0,0,6358-LYNGM,0,0,0,1,1,2,"37.526791, -119.99437",37.526791,-119.99437,0,74.9,1,0,0,4,0,0,1,0,0,1,10226,0,0,0,3,0,0,0,1,0,1,74.9,0,1.84,0.0,76.74,1,1,95338
62,25,46.79,1,1,2,68,Big Oak Flat,5159,0,0,6711-FLDFB,0,0,0,0,1,2,"37.818589, -120.256995",37.818589,-120.256995,0,74.9,1,0,0,4,0,0,1,0,0,1,167,0,0,0,1,0,0,0,0,0,7,541.15,0,327.53,0.0,868.68,0,1,95305
68,20,31.25,1,2,17,87,Temecula,3123,0,0,8374-XGEJJ,0,0,0,1,1,2,"33.475493, -117.219551",33.475493,-117.219551,1,101.0,1,0,8,1,1,0,1,1,0,1,3070,0,0,1,1,1,0,1,0,1,43,4388.4,150,1343.75,0.0,5882.15,0,0,92590
77,23,31.17,1,1,3,95,San Diego,2740,0,0,8017-LXHFA,0,0,0,0,1,2,"32.957195, -117.202542",32.957195,-117.202542,0,94.75,0,0,0,3,1,0,1,0,0,1,28201,0,0,0,2,1,0,1,0,1,23,2293.6,0,716.91,0.0,3010.51,0,1,92130
34,3,14.12,1,1,5,70,San Mateo,4898,0,0,7881-INRLC,0,0,0,1,1,2,"37.538309, -122.305109",37.538309,-122.305109,0,100.85,1,0,0,1,1,0,1,0,1,1,37926,0,0,0,1,0,0,1,1,1,45,4740.0,0,635.4,0.0,5375.4,0,1,94403
29,47,26.03,1,0,1,83,Farmersville,5189,0,0,4818-DRBQT,0,0,0,1,1,2,"36.29878, -119.201028",36.29878,-119.201028,1,80.15,1,0,1,2,1,0,1,1,0,1,8644,0,0,1,3,0,0,0,0,0,29,2265.25,0,754.87,0.0,3020.12,1,1,93223
47,12,33.46,1,1,2,65,Atwater,2404,0,0,7908-QCBCA,0,0,0,0,1,2,"37.321233, -120.656354",37.321233,-120.656354,1,69.4,0,0,1,4,0,0,1,1,2,1,27808,0,0,1,1,0,0,0,0,0,1,69.4,10,33.46,0.0,112.86,0,0,95301
58,12,44.75,1,0,1,94,Callahan,5930,0,0,4237-RLAQD,0,0,0,1,1,0,"41.388397, -122.794636",41.388397,-122.794636,0,45.85,0,0,0,4,0,0,1,0,1,1,290,0,0,0,2,0,0,0,0,0,1,45.85,0,44.75,0.0,90.6,0,1,96014
63,26,44.66,1,0,1,89,Newport Beach,3344,0,0,4285-GYRQC,0,0,1,0,1,2,"33.606336, -117.893042",33.606336,-117.893042,1,86.25,0,0,1,4,0,0,1,1,0,1,3124,0,0,1,2,0,0,0,0,1,7,587.1,0,312.62,0.0,899.72,0,1,92662
43,26,22.71,1,2,14,90,Gualala,4601,1,0,2408-TZMJL,0,0,1,1,1,2,"38.848082, -123.50608",38.848082,-123.50608,1,110.15,1,0,1,1,1,1,1,1,0,1,1916,0,0,1,1,0,0,1,1,1,59,6448.05,0,1339.89,0.0,7787.94,0,1,95445
58,30,26.53,1,0,1,76,Los Gatos,3204,0,0,0415-MOSGF,0,0,0,0,1,1,"37.222842, -121.988727",37.222842,-121.988727,0,44.4,0,0,0,4,0,0,0,0,1,1,13290,0,0,0,2,0,0,0,0,0,1,44.4,0,26.53,0.0,70.93,0,1,95030
53,4,34.41,1,0,1,75,Garden Grove,5189,1,0,0866-QLSIR,0,0,0,0,1,1,"33.764018, -117.931507",33.764018,-117.931507,0,64.4,1,0,0,2,1,1,1,0,2,1,43491,1,0,0,2,0,0,0,0,0,34,2088.75,0,1169.94,0.0,3258.69,0,1,92843
57,6,21.86,1,2,14,73,Ladera Ranch,4480,0,0,5299-SJCZT,0,0,1,1,1,2,"33.569186, -117.640055",33.569186,-117.640055,0,101.55,1,0,0,4,0,0,1,0,0,1,350,0,0,0,3,0,0,1,1,1,3,298.35,0,65.58,0.0,363.93,0,1,92694
26,52,33.46,1,1,3,89,San Rafael,2317,0,0,9661-ACXBS,0,0,1,0,1,2,"37.972662, -122.491452",37.972662,-122.491452,0,105.2,1,0,0,1,0,1,1,0,0,1,40239,0,0,0,1,0,0,1,1,1,42,4400.75,0,1405.32,40.15,5765.92,1,1,94901
47,4,0.0,1,0,0,95,Baker,2563,0,0,3806-DXQOM,0,0,0,0,1,1,"35.28952, -116.092214",35.28952,-116.092214,0,33.65,0,0,0,4,1,1,1,0,0,0,904,0,0,0,2,0,0,0,0,0,4,137.85,0,0.0,0.0,137.85,0,1,92309
74,23,39.63,1,4,8,77,Paskenta,4038,0,0,9317-WZPGV,0,0,0,0,1,2,"39.884395, -122.587513",39.884395,-122.587513,0,79.75,0,0,0,4,0,0,1,0,0,1,263,0,0,0,3,1,0,1,0,0,2,159.4,10,79.26,0.0,248.66,0,0,96074
53,23,39.38,1,1,4,84,Pasadena,2421,0,0,4919-MOAVT,0,0,0,1,1,2,"34.167465, -118.165327",34.167465,-118.165327,0,69.65,0,0,0,4,0,0,0,0,0,1,27891,0,0,0,2,0,0,0,0,0,3,220.1,0,118.14,0.0,338.24,0,1,91103
67,5,3.18,1,1,2,91,Palmdale,4662,0,0,0946-CLJTI,0,0,1,1,1,2,"34.613476, -118.256358",34.613476,-118.256358,1,98.7,1,0,1,1,0,0,1,1,0,1,34045,0,0,1,1,1,0,1,1,1,58,5812.6,0,184.44,0.0,5997.04,0,1,93551
70,24,24.13,1,1,2,69,Fulton,5651,0,0,6818-WOBHJ,0,0,0,0,1,2,"38.493888, -122.777141",38.493888,-122.777141,1,89.6,1,0,1,0,1,0,1,1,0,1,476,0,0,1,1,1,0,1,0,0,68,6127.6,0,1640.84,0.0,7768.44,0,1,95439
51,22,49.79,1,0,0,85,Ventura,4381,0,0,4529-CKBCL,0,0,0,0,1,2,"34.360261, -119.306383",34.360261,-119.306383,0,80.2,0,0,0,4,0,0,1,0,0,1,32899,0,0,0,2,0,0,0,0,1,2,146.05,10,99.58,0.0,255.63,0,0,93001
54,22,2.24,1,3,13,91,Lakehead,4661,0,0,1205-WNWPJ,0,0,0,0,1,1,"40.883853, -122.418258",40.883853,-122.418258,0,59.5,0,0,0,4,0,0,1,0,1,1,1236,1,0,0,3,0,0,0,0,1,7,415.95,0,15.68,0.0,431.63,0,1,96051
42,20,18.74,1,0,0,71,Twain,4995,0,0,8519-QJGJD,0,0,1,0,1,0,"40.022184, -121.062384",40.022184,-121.062384,0,75.35,0,0,0,3,0,0,0,0,0,1,73,0,0,0,2,0,0,0,0,0,14,1025.95,0,262.36,0.0,1288.31,0,1,95984
22,59,38.52,1,0,1,67,Los Angeles,5570,0,0,4423-YLHDV,0,0,1,0,1,2,"33.927254, -118.249826",33.927254,-118.249826,1,104.4,1,0,1,3,0,1,1,1,0,1,38128,0,0,1,1,0,0,1,1,1,21,2200.25,0,808.92,0.0,3009.17,1,1,90059
48,22,23.67,1,4,8,90,Santa Paula,4610,2,0,5271-YNWVR,0,0,1,1,1,2,"34.402343, -119.094824",34.402343,-119.094824,1,113.15,1,0,1,0,1,1,1,1,0,1,32511,1,0,1,1,0,0,1,1,1,68,7856.0,0,1609.56,0.0,9465.56,0,1,93060
64,28,33.41,1,1,2,71,Adin,4278,0,0,0742-NXBGR,0,0,1,0,1,2,"41.171578, -120.913161",41.171578,-120.913161,0,82.3,0,0,0,4,1,0,1,0,0,1,615,0,0,0,1,0,0,0,0,0,1,82.3,0,33.41,0.0,115.71,0,1,96006
59,18,39.68,1,1,2,74,San Jose,4249,0,0,9763-PDTKK,0,0,1,0,1,2,"37.343827, -121.883119",37.343827,-121.883119,0,94.4,0,0,0,4,0,1,1,0,0,1,52334,1,0,0,1,0,0,1,1,0,4,387.2,0,158.72,0.0,545.92,0,1,95112
51,15,3.0,1,1,3,72,Anza,4734,0,0,8625-AZYZY,0,0,1,1,1,2,"33.527605, -116.666551",33.527605,-116.666551,1,104.65,1,0,2,2,1,0,1,1,0,1,3745,0,0,1,3,0,0,1,1,1,24,2542.45,0,72.0,0.0,2614.45,0,1,92539
34,3,32.92,1,3,13,69,Mi Wuk Village,2502,0,0,5494-HECPR,0,0,0,0,1,2,"38.121601, -120.133915",38.121601,-120.133915,0,80.25,0,0,0,4,0,0,1,0,0,1,1278,0,0,0,2,0,0,0,0,1,1,80.25,0,32.92,0.0,113.17,0,1,95346
70,23,48.95,1,4,16,71,Perris,4684,0,0,1833-VGRUM,0,0,0,0,1,2,"33.787298, -117.320676",33.787298,-117.320676,0,74.2,1,0,0,4,0,0,1,0,0,1,36817,0,0,0,2,1,0,0,0,0,1,74.2,0,48.95,0.0,123.15,0,1,92570
77,5,14.52,1,1,3,65,Santa Barbara,2728,0,0,5099-BAILX,0,0,1,1,1,2,"34.419203, -119.710008",34.419203,-119.710008,1,110.75,1,0,1,1,1,0,1,1,0,1,31727,1,0,1,2,1,0,1,0,1,43,4687.9,0,624.36,0.0,5312.26,0,1,93101
29,41,33.89,1,0,1,69,Hemet,2856,0,0,2737-YNGYW,0,0,0,0,1,2,"33.739415, -116.968339",33.739415,-116.968339,0,80.55,0,0,0,4,0,0,0,0,0,1,29687,0,0,0,3,0,0,1,1,0,2,184.1,0,67.78,0.0,251.88,1,1,92543
28,41,45.14,1,1,5,88,San Leandro,2455,0,0,3842-IYKUE,0,0,0,0,1,2,"37.687264, -122.15728",37.687264,-122.15728,0,85.3,1,0,0,2,1,0,0,0,1,1,19815,1,0,0,2,0,0,0,1,0,35,2917.5,130,1579.9,23.89,4603.51,1,0,94579
80,11,26.62,1,3,7,84,Byron,5900,0,0,4208-UFFGW,0,0,0,1,1,1,"37.83323, -121.601461",37.83323,-121.601461,0,44.95,0,0,0,4,0,0,0,0,1,1,10153,0,0,0,2,1,0,0,0,0,2,85.15,0,53.24,0.0,138.39,0,1,94514
46,2,16.14,1,2,18,91,Mcarthur,3280,0,0,5712-PTIWW,0,0,1,1,1,2,"41.10831, -121.360362",41.10831,-121.360362,0,79.85,0,0,0,4,0,0,1,0,0,1,1554,1,0,0,2,0,0,0,0,0,2,152.45,0,32.28,0.0,184.73,0,1,96056
65,4,44.86,1,4,16,94,Bellflower,3207,0,0,7957-RYHQD,0,0,0,0,1,2,"33.887676, -118.127289",33.887676,-118.127289,0,79.2,0,0,0,1,1,1,1,0,1,1,72893,0,0,0,1,1,0,0,0,0,40,3233.85,0,1794.4,0.0,5028.25,0,1,90706
35,18,1.09,1,2,10,91,Acampo,4501,0,0,1455-UGQVH,0,0,1,1,1,2,"38.200231, -121.235034",38.200231,-121.235034,1,98.5,1,0,1,3,0,0,1,1,0,1,6317,0,0,1,2,0,0,1,1,1,10,1037.75,0,10.9,0.0,1048.65,0,1,95220
47,24,18.7,1,1,5,78,Heber,5701,0,0,7703-ZEKEF,0,0,1,1,1,2,"32.730583, -115.501083",32.730583,-115.501083,0,81.0,1,0,0,3,0,0,1,0,0,1,3535,0,0,0,2,0,0,0,0,0,23,1917.1,0,430.1,0.0,2347.2,0,1,92249
50,29,42.22,1,1,5,72,Los Gatos,2036,0,0,2057-ZBLPD,0,0,0,0,1,2,"37.233034, -121.947427",37.233034,-121.947427,1,86.5,1,0,3,3,0,0,1,1,0,1,24443,0,0,1,3,0,0,1,1,0,21,1808.7,0,886.62,0.0,2695.32,0,1,95032
69,23,23.33,1,1,3,92,Weaverville,5692,0,0,5281-BUZGT,0,0,0,1,1,2,"40.759401, -122.939337",40.759401,-122.939337,0,90.85,1,0,0,2,0,1,1,0,0,1,3749,0,0,0,1,1,0,0,0,1,36,3186.7,0,839.88,0.0,4026.58,0,1,96093
45,17,20.23,1,3,7,91,Clements,5797,0,0,3178-FESZO,0,0,0,0,1,2,"38.227285, -121.02789",38.227285,-121.02789,0,100.25,1,0,0,4,1,0,1,0,1,1,722,0,0,0,1,0,0,1,1,1,1,100.25,0,20.23,0.0,120.48,0,1,95227
55,9,34.48,1,0,0,76,Alpine,3238,0,0,3085-QUOZK,0,0,0,0,1,0,"32.827184, -116.703729",32.827184,-116.703729,0,43.95,0,0,0,4,0,0,0,0,1,1,16486,0,0,0,3,0,0,0,0,0,1,43.95,0,34.48,0.0,78.43,0,1,91901
77,15,0.0,1,4,16,87,Vista,4628,0,0,0612-RTZZA,0,0,0,0,1,1,"33.22784, -117.200024",33.22784,-117.200024,0,25.25,0,0,0,4,0,0,0,0,0,0,44692,0,0,0,2,1,0,0,0,0,1,25.25,0,0.0,0.0,25.25,0,1,92084
52,8,49.24,1,1,4,77,San Francisco,2418,0,0,4550-EVXNY,0,0,0,0,1,2,"37.786031, -122.437301",37.786031,-122.437301,0,69.65,0,0,0,4,0,0,1,0,0,1,33122,0,0,0,2,0,0,0,0,0,1,69.65,0,49.24,0.0,118.89,0,1,94115
23,26,18.83,1,0,1,86,Long Beach,3905,0,0,3834-XUIFC,0,0,0,1,1,2,"33.771612, -118.143866",33.771612,-118.143866,0,85.2,1,0,0,4,0,0,1,0,1,1,19034,0,0,0,1,0,0,1,1,0,7,602.55,0,131.81,0.0,734.36,1,1,90814
54,22,20.48,1,1,4,91,Sausalito,5157,0,0,5536-RTPWK,0,0,0,1,1,2,"37.848641, -122.515692",37.848641,-122.515692,1,99.05,1,0,1,1,1,0,1,1,0,1,11213,0,0,1,2,0,0,1,1,1,49,4853.75,0,1003.52,14.24,5843.03,0,1,94965
53,17,16.58,1,2,14,91,El Segundo,3469,0,0,6101-IMRMM,0,0,1,1,1,2,"33.917145, -118.401554",33.917145,-118.401554,0,94.5,0,0,0,4,0,0,0,0,2,1,16041,0,0,0,2,0,0,1,1,1,6,575.45,10,99.48,0.0,684.93,0,0,90245
47,11,4.02,1,1,2,87,Alpaugh,4895,0,0,6959-UWKHF,0,0,0,1,1,0,"35.869626, -119.498771",35.869626,-119.498771,0,42.9,0,0,0,4,0,0,1,0,0,1,1054,0,0,0,1,0,0,0,0,0,1,42.9,0,4.02,0.0,46.92,0,1,93201
45,12,32.44,1,1,2,89,Fresno,3522,0,0,6982-SSHFK,0,0,0,1,1,1,"36.768774, -119.762633",36.768774,-119.762633,0,44.4,0,0,0,4,0,0,0,0,2,1,31180,0,0,0,1,0,0,0,0,0,1,44.4,0,32.44,0.0,76.84,0,1,93703
47,18,7.31,1,1,5,73,Woodland,4336,0,0,6633-MPWBS,0,0,0,1,1,1,"38.694081, -121.694431",38.694081,-121.694431,0,49.2,0,0,0,4,0,0,1,0,0,1,15022,1,0,0,1,0,0,0,0,0,5,216.9,0,36.55,0.0,253.45,0,1,95776
31,24,11.73,1,1,3,88,San Diego,3037,0,0,2082-CEFLT,0,0,0,1,1,1,"32.787836, -117.232376",32.787836,-117.232376,0,45.6,0,0,0,4,0,0,1,0,0,1,46086,0,0,0,1,0,0,0,0,0,1,45.6,0,11.73,0.0,57.33,0,1,92109
68,12,9.09,1,3,7,89,San Diego,4074,0,0,6005-OBZPH,0,0,0,0,1,2,"32.886925, -117.152162",32.886925,-117.152162,0,89.15,1,0,0,2,1,0,1,0,0,1,74232,0,0,0,1,1,0,0,0,1,26,2277.65,0,236.34,0.0,2513.99,0,1,92126
78,14,1.28,1,1,3,71,Modesto,3172,0,0,2012-NWRPA,0,0,1,0,1,2,"37.672906, -120.946594",37.672906,-120.946594,1,99.55,1,0,1,3,0,0,1,1,0,1,47613,0,0,1,3,1,0,1,0,1,11,1131.2,0,14.08,0.0,1145.28,0,1,95355
34,25,41.14,1,2,18,66,Dobbins,5411,1,0,3685-YLCMQ,0,0,1,1,1,2,"39.381174, -121.21191",39.381174,-121.21191,0,104.65,1,0,0,1,0,0,1,0,0,1,614,1,0,0,2,0,0,1,1,1,58,6219.6,40,2386.12,0.0,8645.72,0,0,95935
62,17,43.51,1,4,12,90,Pine Grove,3716,0,0,0876-WDUUZ,0,0,0,0,1,2,"38.400264, -120.641274",38.400264,-120.641274,0,85.4,0,0,0,4,0,0,1,0,1,1,4354,1,0,0,2,0,0,1,1,0,5,425.9,0,217.55,0.0,643.45,0,1,95665
57,6,14.38,1,0,1,90,Lodi,5671,0,0,0135-NMXAP,0,0,0,0,1,2,"38.123544, -121.159078",38.123544,-121.159078,0,89.75,1,0,0,3,1,0,1,0,0,1,45755,0,0,0,3,0,0,0,0,1,12,1052.4,0,172.56,0.0,1224.96,0,1,95240
26,52,23.06,1,0,1,86,Vallejo,5460,0,0,2725-KXXWT,0,0,0,1,1,2,"38.161321, -122.271588",38.161321,-122.271588,1,90.75,0,0,0,4,0,0,1,1,0,1,42209,0,0,0,3,0,0,1,1,1,1,90.75,0,23.06,0.0,113.81,1,1,94589
75,27,13.63,1,2,14,89,Nice,3077,0,0,9134-CEQMF,0,0,0,1,1,2,"39.12334, -122.838198",39.12334,-122.838198,1,89.5,0,0,1,4,0,0,1,1,0,1,2223,0,0,1,2,1,0,1,0,1,7,676.7,0,95.41,0.0,772.11,0,1,95464
28,27,9.76,1,1,3,86,San Diego,4559,0,0,8835-VSDSE,0,0,0,0,1,0,"32.961064, -117.134917",32.961064,-117.134917,1,70.7,0,0,1,4,0,0,1,1,0,1,47224,0,0,1,2,0,0,0,0,0,2,141.45,0,19.52,0.0,160.97,1,1,92129
51,28,21.69,1,1,4,65,Los Angeles,2941,0,0,5380-WJKOV,0,1,1,1,1,2,"34.137412, -118.207607",34.137412,-118.207607,0,106.35,1,1,0,2,1,0,1,0,0,1,27866,0,0,0,2,0,0,1,1,1,34,3549.25,0,737.46,0.0,4286.71,0,1,90041
27,59,21.83,1,4,12,69,Old Station,3584,0,0,1309-BXVOQ,0,0,1,1,1,2,"40.656287, -121.428965",40.656287,-121.428965,1,106.1,1,0,1,3,0,0,1,1,0,1,182,1,0,1,1,0,0,1,1,1,21,2249.95,0,458.43,0.0,2708.38,1,1,96071
48,3,35.71,1,1,2,88,Shafter,2046,0,0,1448-PWKYE,0,0,0,1,1,0,"35.490705, -119.286833",35.490705,-119.286833,1,80.0,0,0,1,4,0,0,0,1,0,1,15177,0,0,1,1,0,0,1,1,0,1,80.0,0,35.71,0.0,115.71,0,1,93263
29,71,4.48,1,0,0,73,Riverdale,2767,1,0,2237-ZFSMY,0,0,1,0,1,2,"36.452211, -119.94575",36.452211,-119.94575,0,95.55,0,0,0,2,0,1,1,0,0,1,5729,1,0,0,1,0,0,0,1,1,39,3692.85,0,174.72,0.0,3867.57,1,1,93656
67,11,16.32,1,4,8,70,Carmichael,2075,0,0,9685-WKZGT,0,0,0,1,1,2,"38.626128, -121.328011",38.626128,-121.328011,0,74.95,1,0,0,3,0,0,1,0,0,1,58830,0,0,0,3,1,0,0,0,0,14,1036.75,0,228.48,39.29,1225.94,0,1,95608
39,12,39.58,1,2,10,91,North Hollywood,5438,0,0,1902-XBTFB,0,0,1,1,1,2,"34.207295, -118.400022",34.207295,-118.400022,0,89.4,0,0,0,3,1,0,1,0,0,1,57146,0,0,0,2,0,0,0,0,1,22,2001.5,0,870.76,0.0,2872.26,0,1,91605
52,20,49.3,1,1,2,77,Running Springs,4418,0,0,2359-KMGLI,0,0,0,1,1,2,"34.186211, -117.07683",34.186211,-117.07683,0,80.25,1,0,0,2,1,0,1,0,0,1,5395,0,0,0,1,0,0,0,0,0,24,1861.5,0,1183.2,0.0,3044.7,0,1,92382
27,46,43.06,1,1,2,77,Lockeford,4669,0,0,4806-KEXQR,0,0,0,1,1,2,"38.166791, -121.14207",38.166791,-121.14207,0,79.9,0,0,0,4,0,0,1,0,0,1,3205,0,0,0,1,0,0,1,1,0,4,324.3,0,172.24,0.0,496.54,1,1,95237
58,11,20.41,1,1,2,91,Modesto,4857,0,0,9866-QEVEE,0,0,0,1,1,2,"37.716186, -121.025836",37.716186,-121.025836,0,86.0,1,0,0,3,0,0,1,0,0,1,26055,0,0,0,1,0,0,1,1,0,19,1532.45,30,387.79,0.0,1950.24,0,0,95356
30,69,28.7,1,2,14,67,Redding,5258,0,0,7254-IQWOZ,0,0,0,1,1,2,"40.587919, -122.464732",40.587919,-122.464732,0,69.65,0,0,0,4,0,0,1,0,0,1,31586,0,0,0,1,0,0,0,0,0,1,69.65,0,28.7,0.0,98.35,0,1,96001
74,13,8.75,1,2,11,69,Concord,5863,1,0,9360-AHGNL,0,0,1,0,1,2,"37.990118, -122.012188",37.990118,-122.012188,1,109.55,1,0,7,1,0,1,1,1,1,1,18650,1,0,1,2,1,0,1,0,1,43,4830.25,0,376.25,0.0,5206.5,0,1,94519
55,2,12.78,1,0,1,84,La Palma,4206,0,0,4112-LUEIZ,0,0,0,1,1,2,"33.850504, -118.039892",33.850504,-118.039892,0,89.5,0,0,0,3,0,0,1,0,0,1,15505,0,0,0,3,0,0,1,1,1,10,863.1,0,127.8,0.0,990.9,0,1,90623
31,26,49.98,1,2,17,87,Clarksburg,4406,1,0,7055-VKGDA,0,0,0,1,1,2,"38.384648, -121.578701",38.384648,-121.578701,0,105.4,0,0,0,1,1,1,1,0,1,1,1417,1,0,0,1,0,0,1,1,1,54,5643.4,0,2698.92,0.0,8342.32,0,1,95612
78,12,19.76,1,2,11,88,Inglewood,5337,0,0,4598-XLKNJ,0,1,1,0,1,2,"33.936291, -118.332639",33.936291,-118.332639,1,98.5,0,1,1,2,1,0,1,1,0,1,27778,0,0,1,2,1,0,1,0,1,25,2514.5,0,494.0,13.43,2995.07,0,1,90303
49,22,48.89,1,2,10,88,San Diego,4248,0,0,1213-NGCUN,0,0,0,0,1,1,"32.805518, -117.169052",32.805518,-117.169052,0,49.65,0,0,0,4,0,0,1,0,0,1,46828,1,0,0,2,0,0,0,0,0,6,267.35,0,293.34,0.0,560.69,0,1,92111
45,3,42.65,1,0,1,77,Mojave,3796,0,0,0654-HMSHN,0,0,1,1,1,2,"35.097323, -118.171288",35.097323,-118.171288,1,104.4,1,0,1,3,1,0,0,1,0,1,4882,0,0,1,2,0,0,1,1,1,21,2157.95,0,895.65,0.0,3053.6,0,1,93501
51,11,33.44,1,1,2,68,Long Beach,5216,0,0,4816-LXZYW,0,0,0,0,1,2,"33.819814, -118.222416",33.819814,-118.222416,0,79.15,1,0,0,3,1,0,1,0,0,1,35656,0,0,0,1,0,0,0,0,0,23,1676.95,0,769.12,0.0,2446.07,0,1,90810
21,51,9.98,1,0,0,72,Keene,2570,0,0,6108-OQZDQ,0,0,0,0,1,2,"35.214982, -118.59049",35.214982,-118.59049,1,97.95,1,0,4,4,1,0,1,1,0,1,1436,0,0,1,3,0,0,1,1,1,4,384.5,0,39.92,0.0,424.42,1,1,93531
37,14,48.38,1,1,4,72,Modesto,3212,0,0,9897-KXHCM,0,0,0,0,1,2,"37.670526, -120.877572",37.670526,-120.877572,1,80.3,0,0,1,4,0,0,1,1,0,1,13343,0,0,1,1,0,0,1,1,0,3,250.05,0,145.14,0.0,395.19,0,1,95357
68,25,39.69,1,1,5,92,Victorville,3689,0,0,4958-XCBDQ,0,0,1,1,1,2,"34.567058, -117.362329",34.567058,-117.362329,0,101.4,1,0,0,2,0,0,1,0,0,1,12083,0,0,0,3,1,0,1,0,1,35,3496.3,0,1389.15,0.0,4885.45,0,1,92394
61,3,8.18,1,2,17,74,Coronado,4857,1,0,7694-VLBWQ,0,0,1,1,1,2,"32.68674, -117.186612",32.68674,-117.186612,1,104.1,1,0,4,0,1,0,0,1,0,1,24093,0,0,1,2,0,0,1,1,1,67,7040.85,0,548.06,0.0,7588.91,0,1,92118
38,22,1.12,1,0,1,71,Comptche,3608,0,0,4439-JMPMT,0,0,0,0,1,2,"39.239818, -123.565432",39.239818,-123.565432,1,85.75,0,0,1,4,0,0,1,1,0,1,371,1,0,1,1,0,0,0,0,1,5,470.95,0,5.6,44.16,432.39,0,1,95427
67,4,0.0,1,3,6,92,San Jose,3244,0,0,2408-WITXK,0,0,0,0,1,1,"37.34667, -121.910019",37.34667,-121.910019,0,34.7,0,0,0,3,0,0,1,0,0,0,18197,0,0,0,1,1,0,1,0,0,10,329.8,0,0.0,0.0,329.8,0,1,95110
57,11,15.92,1,2,18,88,Compton,5963,0,0,6653-CBBOM,0,0,0,0,1,2,"33.885811, -118.206459",33.885811,-118.206459,0,70.3,0,0,0,4,0,0,1,0,0,1,51387,0,0,0,1,0,0,0,0,0,1,70.3,0,15.92,0.0,86.22,0,1,90221
73,26,17.43,1,1,2,91,Mount Laguna,2505,0,0,7142-HVGBG,0,0,1,1,1,2,"32.830852, -116.444601",32.830852,-116.444601,1,103.0,1,0,1,1,1,0,1,1,0,1,81,0,0,1,1,1,0,1,0,1,43,4414.3,0,749.49,0.0,5163.79,0,1,91948
78,22,5.71,1,0,0,91,Redwood City,3684,0,0,6927-WTFIV,0,0,0,1,1,2,"37.461251, -122.235414",37.461251,-122.235414,0,71.3,0,0,0,3,0,0,0,0,1,1,35737,0,0,0,2,1,0,0,0,0,20,1389.2,0,114.2,0.0,1503.4,0,1,94061
43,8,38.89,1,3,13,76,Meadow Vista,3131,0,0,2369-UAPKZ,0,0,1,1,1,2,"39.003358, -121.022539",39.003358,-121.022539,0,104.1,1,0,0,4,1,0,0,0,2,1,3747,0,0,0,3,0,0,1,1,1,5,541.9,0,194.45,0.0,736.35,0,1,95722
20,47,44.5,1,1,3,74,Escondido,6105,1,0,2239-JALAW,0,0,1,1,1,2,"33.141265, -116.967221",33.141265,-116.967221,0,103.25,1,0,0,1,1,0,1,0,0,1,48690,0,0,0,1,0,0,1,1,1,58,6017.65,0,2581.0,0.0,8598.65,1,1,92027
57,29,10.3,1,0,1,81,Rio Vista,4107,0,0,2114-MGINA,0,0,0,0,1,2,"38.148862, -121.737696",38.148862,-121.737696,0,89.8,0,0,0,3,0,0,1,0,1,1,5246,0,0,0,1,0,0,1,1,1,14,1129.1,0,144.2,0.0,1273.3,0,1,94571
37,4,13.01,1,1,2,70,San Jose,2294,0,0,3063-QFSZL,0,0,0,0,1,0,"37.28682, -121.723877",37.28682,-121.723877,0,55.4,0,0,0,4,0,0,1,0,0,1,15798,0,0,0,1,0,0,1,1,0,1,55.4,0,13.01,0.0,68.41,0,1,95135
58,17,2.88,1,1,2,66,Trinidad,3335,0,0,9269-CQOOL,0,0,0,1,1,1,"41.162295, -124.027381",41.162295,-124.027381,0,54.7,0,0,0,4,0,0,1,0,1,1,2369,0,0,0,1,0,0,0,0,1,3,169.45,0,8.64,0.0,178.09,0,1,95570
54,18,2.19,1,1,2,76,Biola,3670,0,0,5883-GTGVD,0,0,0,1,1,2,"36.798882, -120.019511",36.798882,-120.019511,0,99.95,1,0,0,3,1,0,1,0,0,1,807,0,0,0,1,0,0,1,1,1,19,1931.75,0,41.61,0.0,1973.36,0,1,93606
73,9,24.24,1,2,11,76,Escondido,4989,0,0,2722-JMONI,0,0,0,0,1,0,"33.079834, -117.134275",33.079834,-117.134275,1,49.55,0,0,1,4,0,1,1,1,0,1,17944,0,0,1,1,1,0,0,0,0,1,49.55,0,24.24,0.0,73.79,0,1,92029
70,9,33.22,1,1,2,90,Citrus Heights,2091,0,0,6022-UGGSO,0,0,0,0,1,2,"38.69508, -121.271616",38.69508,-121.271616,0,74.4,0,0,0,2,1,0,1,0,0,1,43718,0,0,0,1,1,0,0,0,0,32,2276.95,0,1063.04,44.31,3295.68,0,1,95610
52,30,36.24,1,1,4,67,Norco,5670,0,0,0719-SYFRB,0,0,1,0,1,1,"33.925833, -117.559639",33.925833,-117.559639,0,61.65,1,0,0,3,0,1,1,0,2,1,22443,1,0,0,1,0,0,0,0,0,12,713.75,0,434.88,0.0,1148.63,0,1,92860
69,21,0.0,1,1,2,65,Twain,4842,0,0,9907-SWKKF,0,0,0,0,1,1,"40.022184, -121.062384",40.022184,-121.062384,0,25.05,0,0,0,4,0,0,0,0,1,0,73,0,0,0,1,1,0,0,0,0,1,25.05,0,0.0,0.0,25.05,0,1,95984
56,5,3.13,1,0,1,91,Cedar Glen,4815,0,0,9300-RENDD,0,0,0,1,1,2,"34.255203, -117.175654",34.255203,-117.175654,0,79.95,0,0,0,4,0,0,1,0,0,1,455,0,0,0,3,0,0,0,0,1,1,79.95,0,3.13,0.0,83.08,0,1,92321
49,21,0.0,1,1,5,79,Oroville,4648,0,0,7881-EVUAD,0,0,0,0,1,1,"39.473896, -121.415927",39.473896,-121.415927,0,42.6,0,0,0,4,1,1,1,0,0,0,28382,0,0,0,2,0,0,1,1,0,2,72.4,0,0.0,0.0,72.4,0,1,95966
31,16,36.43,1,1,3,90,Fallbrook,5900,0,0,1518-VOWAV,0,0,0,0,1,1,"33.362575, -117.299644",33.362575,-117.299644,0,74.65,0,0,0,4,1,1,1,0,0,1,42239,0,0,0,1,0,0,1,1,1,9,703.55,0,327.87,0.0,1031.42,0,1,92028
41,11,30.94,1,4,12,91,Travis Afb,4348,1,0,3351-NQLDI,0,0,0,0,1,2,"38.265899, -121.939461",38.265899,-121.939461,1,94.35,1,0,1,0,0,1,1,1,1,1,9978,1,0,1,1,0,0,1,1,0,67,6341.45,0,2072.98,0.0,8414.43,0,1,94535
25,42,12.19,1,0,0,80,Miramonte,4544,2,0,4853-RULSV,0,0,0,1,1,2,"36.696759, -119.024051",36.696759,-119.024051,0,104.0,1,0,0,0,0,1,1,0,1,1,571,1,0,0,1,0,0,1,1,1,70,7250.15,0,853.3,0.0,8103.45,1,1,93641
60,5,44.28,1,4,12,91,Wasco,5392,0,0,0618-XWMSS,0,0,0,1,1,2,"35.652242, -119.4464",35.652242,-119.4464,0,74.9,0,0,0,2,0,1,1,0,0,1,22760,0,0,0,1,0,0,0,0,0,28,2068.55,0,1239.84,0.0,3308.39,0,1,93280
55,17,40.52,1,1,5,91,Rio Dell,4296,2,0,2530-ENDWQ,0,0,0,0,1,2,"40.485849, -124.163234",40.485849,-124.163234,1,93.7,1,0,2,0,0,0,1,1,0,1,3284,0,0,1,3,0,0,1,1,1,71,6585.35,0,2876.92,0.0,9462.27,0,1,95562
48,9,15.77,1,3,13,96,Long Barn,5414,1,0,3927-NLNRY,0,0,0,1,1,2,"38.109125, -120.078597",38.109125,-120.078597,1,94.25,0,0,1,1,1,0,1,1,0,1,683,0,0,1,3,0,0,1,1,1,53,4867.95,0,835.81,0.0,5703.76,0,1,95335
22,69,12.05,1,2,14,91,Bloomington,5267,0,0,2645-QTLMB,0,0,0,1,1,2,"34.059722, -117.39104",34.059722,-117.39104,0,94.25,0,0,0,4,1,0,1,0,0,1,25995,0,0,0,3,0,0,1,1,1,7,669.0,0,84.35,0.0,753.35,1,1,92316
25,52,0.0,1,1,2,95,Palm Desert,5153,0,0,6038-GCYEC,0,0,1,0,1,1,"33.762759, -116.324817",33.762759,-116.324817,0,54.15,0,0,0,2,1,0,1,0,1,0,19702,0,0,0,1,0,0,1,1,1,24,1240.25,0,0.0,0.0,1240.25,1,1,92211
34,10,28.4,1,1,3,65,San Diego,4421,1,0,3092-IGHWF,0,0,1,1,1,0,"32.957195, -117.202542",32.957195,-117.202542,1,87.4,1,0,1,0,1,0,0,1,0,1,28201,0,0,1,2,0,0,0,0,0,67,5918.8,0,1902.8,0.0,7821.6,0,1,92130
32,9,0.0,1,1,5,83,Ventura,2573,0,0,6543-CPZMK,0,0,0,1,1,1,"34.360261, -119.306383",34.360261,-119.306383,1,29.95,0,0,1,4,1,0,1,1,0,0,32899,0,0,1,2,0,0,0,0,0,9,248.95,10,0.0,0.0,258.95,0,0,93001
41,18,5.43,1,1,4,93,Pinole,5228,0,0,8603-IJWDN,0,0,0,1,1,2,"37.996462, -122.293716",37.996462,-122.293716,0,86.6,1,0,0,4,0,0,1,0,0,1,16717,0,0,0,3,0,0,1,1,0,1,86.6,0,5.43,0.0,92.03,0,1,94564
30,59,34.47,1,1,3,89,San Diego,2850,0,0,3049-NDXFL,0,0,0,0,1,2,"32.957195, -117.202542",32.957195,-117.202542,0,85.8,1,0,0,4,0,0,0,0,1,1,28201,0,0,0,3,0,0,1,1,0,1,85.8,0,34.47,0.0,120.27,0,1,92130
36,2,46.6,1,2,10,94,Santa Rosa,5659,0,0,1585-MQSSU,0,0,0,1,1,0,"38.526941, -122.709096",38.526941,-122.709096,0,51.5,0,0,0,3,0,0,0,0,2,1,35057,1,0,0,1,0,0,0,0,0,17,900.5,0,792.2,35.34,1657.36,0,1,95404
19,52,5.33,1,1,3,70,Angels Camp,4235,0,0,5493-SDRDQ,0,0,1,1,1,0,"38.071327, -120.632221",38.071327,-120.632221,0,55.1,0,0,0,4,0,1,1,0,2,1,4264,0,0,0,1,0,0,0,0,0,2,113.35,0,10.66,0.0,124.01,1,1,95222
55,10,17.08,1,0,0,81,Anderson,2969,0,0,0330-IVZHA,0,0,0,0,1,2,"40.448632, -122.306657",40.448632,-122.306657,1,69.95,0,0,1,4,0,0,0,1,0,1,21418,0,0,1,2,0,0,0,0,0,5,330.15,0,85.4,0.0,415.55,0,1,96007
23,69,0.0,1,1,4,70,Elk Grove,4324,0,0,7721-JXEAW,0,0,0,1,1,1,"38.434138, -121.30587",38.434138,-121.30587,1,41.05,0,0,1,1,1,0,1,1,0,0,38534,0,0,1,2,0,0,1,1,0,59,2452.7,0,0.0,0.0,2452.7,1,1,95624
77,30,13.02,1,3,7,93,San Jose,2905,0,0,8775-LHDJH,0,0,0,0,1,2,"37.270938, -121.851046",37.270938,-121.851046,1,90.6,1,0,1,4,1,0,1,1,0,1,36944,0,0,1,2,1,0,0,0,1,1,90.6,0,13.02,0.0,103.62,0,1,95136
19,82,0.0,1,1,2,93,San Diego,5024,0,0,2894-QOJRX,0,0,0,0,1,0,"32.827238, -117.089287",32.827238,-117.089287,1,34.0,0,0,1,2,0,0,1,1,0,0,30206,0,0,1,1,0,0,0,0,1,25,853.0,0,0.0,0.0,853.0,1,1,92124
65,7,28.63,1,1,2,78,Philo,5565,0,0,8802-UNOJF,0,0,1,1,1,0,"39.094102, -123.500853",39.094102,-123.500853,0,83.8,0,0,0,3,1,0,1,0,1,1,1113,1,0,0,1,1,0,0,0,0,12,1029.75,80,343.56,44.58,1408.73,0,0,95466
56,30,40.47,1,2,17,89,Smith River,5207,2,0,5458-CQJTA,0,0,0,1,1,1,"41.950683, -124.097094",41.950683,-124.097094,1,74.8,0,0,1,1,0,1,1,1,0,1,2020,1,0,1,1,0,0,1,1,1,65,4820.15,0,2630.55,0.0,7450.7,0,1,95567
47,14,0.0,1,1,2,93,Lakewood,4667,0,0,2606-RMDHZ,0,0,0,1,1,1,"33.847755, -118.112532",33.847755,-118.112532,0,30.5,0,0,0,4,1,0,1,0,1,0,27563,0,0,0,1,0,0,0,0,0,6,208.7,0,0.0,0.0,208.7,0,1,90713
20,52,21.72,1,3,6,94,Covina,3108,0,0,7594-RQHXR,0,0,0,0,1,2,"34.097345, -117.906736",34.097345,-117.906736,0,79.6,0,0,0,4,0,0,1,0,0,1,33817,0,0,0,2,0,0,1,1,0,1,79.6,0,21.72,0.0,101.32,1,1,91722
42,27,11.5,1,2,17,75,Somis,5119,0,0,6330-JKLPC,0,0,0,1,1,2,"34.297628, -119.014627",34.297628,-119.014627,1,80.5,1,0,3,3,1,0,1,1,0,1,2966,0,0,1,1,0,0,0,0,0,11,896.9,0,126.5,0.0,1023.4,0,1,93066
23,71,0.0,1,1,2,80,Los Angeles,2240,0,0,9239-ZBZZV,0,0,1,0,1,1,"34.00709, -118.258681",34.00709,-118.258681,0,47.95,0,0,0,4,0,0,1,0,0,0,101215,0,0,0,1,0,0,1,1,1,6,305.1,0,0.0,0.0,305.1,1,1,90011
54,27,0.0,1,1,2,95,Glendale,4534,0,0,6317-YPKDH,0,0,0,0,1,1,"34.167926, -118.267539",34.167926,-118.267539,0,29.95,0,0,0,4,1,0,0,0,0,0,21990,0,0,0,1,0,0,0,0,0,1,29.95,0,0.0,0.0,29.95,0,1,91202
35,11,13.73,1,0,1,89,Exeter,4134,0,0,7377-DMMRI,0,0,0,1,1,1,"36.301689, -119.018233",36.301689,-119.018233,0,47.8,0,0,0,4,0,1,1,0,0,1,13333,0,0,0,1,0,0,0,0,0,2,92.45,0,27.46,0.0,119.91,0,1,93221
67,15,29.29,1,4,16,75,Mc Kittrick,3336,0,0,2860-RANUS,0,0,0,0,1,2,"35.38381, -119.730885",35.38381,-119.730885,0,85.8,1,0,0,3,0,0,1,0,1,1,302,0,0,0,1,1,0,1,1,0,20,1727.5,0,585.8,0.0,2313.3,0,1,93251
76,22,43.51,1,0,1,79,Angels Camp,3966,0,0,3001-CBHLQ,0,0,1,1,1,2,"38.071327, -120.632221",38.071327,-120.632221,1,104.9,1,0,1,2,0,0,1,1,0,1,4264,1,0,1,1,1,0,1,0,1,32,3351.55,0,1392.32,33.73,4710.14,0,1,95222
51,15,0.0,1,1,5,66,Sacramento,4481,2,0,6034-ZRYCV,0,0,1,0,1,0,"38.691607, -121.602284",38.691607,-121.602284,1,54.2,0,0,1,0,1,0,1,1,0,0,264,0,0,1,3,0,0,1,1,1,72,3937.45,0,0.0,0.0,3937.45,0,1,95837
52,3,20.44,1,1,3,71,San Diego,6350,1,0,8634-CILSZ,0,0,0,1,1,2,"32.787836, -117.232361",32.787836,-117.232376,0,104.7,1,0,0,0,1,0,1,0,0,1,46086,1,0,0,3,0,0,1,1,1,69,7220.35,0,1410.36,0.0,8630.71,0,1,92109
55,14,42.21,1,4,16,91,Mountain View,5812,0,0,3804-RVTGV,0,0,1,1,1,2,"37.419725, -122.062947",37.419725,-122.062947,1,103.85,1,0,6,1,1,0,1,1,0,1,27822,0,0,1,2,0,0,1,1,1,50,5017.9,0,2110.5,0.0,7128.4,0,1,94043
47,8,10.53,1,3,7,76,San Diego,4157,0,0,2034-GDRCN,0,0,0,0,1,2,"32.85723, -117.209768",32.85723,-117.209774,0,90.4,0,0,0,4,0,0,1,0,0,1,34902,0,0,0,3,0,0,1,1,1,2,168.2,0,21.06,0.0,189.26,0,1,92122
74,9,39.97,1,1,2,69,Dobbins,5683,0,0,3254-YRILK,0,0,0,1,1,2,"39.381174, -121.21191",39.381174,-121.21191,0,88.2,1,0,0,3,1,0,1,0,0,1,614,0,0,0,1,1,0,0,0,1,19,1775.8,0,759.43,0.0,2535.23,0,1,95935
36,8,6.86,1,3,7,65,Los Angeles,5091,0,0,1120-BMWUB,0,0,0,0,1,1,"33.987945, -118.370442",33.987945,-118.370442,0,53.9,0,0,0,3,1,0,1,0,1,1,8115,1,0,0,3,0,0,0,0,0,16,834.15,40,109.76,0.0,983.91,0,0,90056
24,41,41.8,1,1,3,76,Temecula,4161,1,0,2037-XJFUP,0,0,1,1,1,2,"33.507255, -117.029473",33.507255,-117.029473,1,95.8,0,0,1,2,0,0,1,1,0,1,46171,0,0,1,2,0,0,1,1,1,33,3036.75,60,1379.4,0.0,4476.15,1,0,92592
22,52,23.09,1,3,15,72,Sun City,2568,0,0,8397-MVTAZ,0,0,1,1,1,2,"33.69887, -117.25071",33.69887,-117.25071,1,100.05,1,0,2,2,0,0,1,1,0,1,13151,0,0,1,3,0,0,1,1,1,34,3480.0,20,785.06,0.0,4285.06,1,0,92587
33,3,49.76,1,1,4,89,Burney,4183,0,0,6110-OHIHY,0,0,0,1,1,2,"40.946785, -121.719489",40.946785,-121.719489,0,79.25,0,0,0,4,0,0,0,0,0,1,4552,0,0,0,2,0,0,0,0,1,3,267.6,10,149.28,0.0,426.88,0,0,96013
62,27,24.05,1,0,0,95,Orosi,2969,0,0,6275-YDUVO,0,0,1,0,1,2,"36.600185, -119.175655",36.600185,-119.175655,0,86.2,0,0,0,4,0,0,1,0,2,1,9780,0,0,0,3,0,0,1,1,0,2,178.7,0,48.1,0.0,226.8,0,1,93647
80,14,15.24,1,1,2,70,North Hollywood,2740,0,0,4193-ORFCL,0,0,0,0,1,1,"34.187599, -118.387125",34.187599,-118.387125,0,45.1,0,0,0,4,0,0,0,0,1,1,45358,0,0,0,1,1,0,0,0,0,1,45.1,0,15.24,0.0,60.34,0,1,91606
55,21,0.0,1,4,16,90,San Jose,4517,0,0,3797-VTIDR,0,0,0,1,1,1,"37.304681, -121.809955",37.304681,-121.809955,1,23.45,0,0,3,4,0,0,1,1,0,0,37127,0,0,1,2,0,0,0,0,0,1,23.45,0,0.0,0.0,23.45,0,1,95121
51,14,17.33,1,1,3,65,Davenport,3533,0,0,9878-TNQGW,0,0,0,1,1,2,"37.114335, -122.237162",37.114335,-122.237162,0,80.95,0,0,0,4,0,0,1,0,0,1,857,0,0,0,3,0,0,1,1,0,2,171.15,0,34.66,0.0,205.81,0,1,95017
80,6,36.82,1,1,3,90,San Diego,3209,0,0,4248-QPAVC,0,0,1,0,1,2,"32.957195, -117.202542",32.957195,-117.202542,1,85.35,1,0,1,3,0,1,1,1,0,1,28201,0,0,1,1,1,0,0,0,0,17,1463.45,0,625.94,0.0,2089.39,0,1,92130
29,52,7.14,1,0,0,82,Greenfield,4067,0,0,4361-JEIVL,0,1,0,1,1,1,"36.248708, -121.386617",36.248708,-121.386617,0,44.4,0,3,0,4,0,0,1,0,0,1,14204,0,0,0,3,0,0,0,1,0,1,44.4,0,7.14,0.0,51.54,1,1,93927
23,85,20.07,1,1,5,95,Hathaway Pines,5504,1,0,3763-GCZHZ,0,0,0,1,1,2,"38.184914, -120.364085",38.184914,-120.364085,1,104.05,1,0,1,0,1,0,1,1,0,1,335,1,0,1,2,0,0,1,1,1,66,6890.0,0,1324.62,0.0,8214.62,1,1,95233
45,4,33.34,1,3,13,86,Buellton,3967,0,0,0235-KGSLC,0,0,1,0,1,2,"34.631362, -120.238218",34.631362,-120.238218,0,85.55,0,0,0,4,0,0,1,0,1,1,4644,0,0,0,2,0,0,0,0,1,1,85.55,0,33.34,0.0,118.89,0,1,93427
53,21,25.04,1,3,15,79,San Dimas,2785,0,0,1596-BBVTG,0,0,0,1,1,2,"34.102119, -117.815532",34.102119,-117.815532,0,75.35,1,0,0,2,0,0,0,0,1,1,33878,0,0,0,3,0,0,0,0,0,35,2636.05,0,876.4,0.0,3512.45,0,1,91773
55,14,21.81,1,4,8,90,Kings Beach,2140,0,0,6892-EZDTG,0,0,0,0,1,2,"39.246654, -120.029273",39.246654,-120.029273,1,91.65,1,0,1,4,1,0,1,1,0,1,4806,0,0,1,2,0,0,0,0,1,4,365.4,0,87.24,0.0,452.64,0,1,96143
70,20,12.27,1,0,1,65,Claremont,4054,0,0,6689-TCZHQ,0,0,0,0,1,2,"34.127621, -117.717863",34.127621,-117.717863,0,78.95,0,0,0,4,0,0,0,0,0,1,34716,0,0,0,3,1,0,1,0,0,5,378.4,0,61.35,0.0,439.75,0,1,91711
29,19,40.25,1,1,2,91,Huntington Beach,3364,0,0,6986-IJDHX,0,0,0,1,1,2,"33.679659, -118.016195",33.679659,-118.016195,1,86.3,0,0,5,2,1,0,1,1,1,1,42663,0,0,1,1,0,0,0,0,1,39,3266.0,0,1569.75,0.0,4835.75,1,1,92648
76,15,44.88,1,0,1,70,Boulder Creek,5651,0,0,7481-ATQQS,0,0,1,0,1,2,"37.171727, -122.142961",37.171727,-122.142961,0,90.85,1,0,0,1,0,0,1,0,1,1,10520,0,0,0,2,1,0,1,0,0,49,4515.85,0,2199.12,0.0,6714.97,0,1,95006
55,5,0.0,1,1,2,82,Lancaster,2044,1,0,1623-NLDOT,0,0,0,0,1,0,"34.727529, -118.153098",34.727529,-118.153098,1,33.55,0,0,1,1,1,0,0,1,2,0,35109,1,0,1,2,0,0,0,0,0,42,1445.3,50,0.0,0.0,1495.3,0,0,93534
74,9,3.29,1,0,0,89,Glencoe,3834,0,0,4086-YQSNZ,0,0,0,0,1,2,"38.358464, -120.579304",38.358464,-120.579304,1,80.4,0,0,1,4,0,0,1,1,0,1,21,0,0,1,2,1,0,0,0,1,3,224.05,0,9.87,0.0,233.92,0,1,95232
42,5,43.8,1,3,13,71,Carpinteria,5617,0,0,9025-AOMKI,0,0,0,0,1,2,"34.441398, -119.513163",34.441398,-119.513163,0,93.55,1,0,0,4,0,0,1,0,0,1,17409,0,0,0,2,0,0,1,1,1,6,536.4,0,262.8,0.0,799.2,0,1,93013
64,26,0.0,1,1,2,91,San Diego,4800,0,0,0836-SEYLU,0,0,0,1,1,1,"33.000269, -117.072093",33.000269,-117.072093,1,40.65,0,0,2,4,0,0,0,1,2,0,42733,1,0,1,1,0,0,0,0,1,9,328.95,0,0.0,0.0,328.95,0,1,92128
40,21,29.92,1,1,4,77,Wilton,4745,0,0,0637-UBJRP,0,0,0,1,1,2,"38.392559, -121.225093",38.392559,-121.225093,1,84.05,0,0,5,3,0,1,0,1,0,1,5889,0,0,1,1,0,0,1,1,0,13,1095.3,0,388.96,23.97,1460.29,0,1,95693
71,52,11.33,1,1,3,81,Los Angeles,3179,0,0,1658-BYGOY,0,1,0,1,1,2,"34.108833, -118.229715",34.108833,-118.229715,0,95.45,1,3,0,3,0,0,1,0,0,1,47534,0,0,0,2,1,0,1,1,1,18,1752.55,0,203.94,45.61,1910.88,0,1,90065
44,20,0.0,1,0,0,66,San Juan Bautista,5605,0,0,2495-INZWQ,0,0,0,1,1,0,"36.810568, -121.503022",36.810568,-121.503022,0,44.55,0,0,0,4,0,0,1,0,0,0,3402,0,0,0,2,0,0,1,1,1,4,174.3,10,0.0,0.0,184.3,0,0,95045
40,28,4.67,1,1,2,73,Victorville,5671,0,0,6227-HWPWX,0,0,0,0,1,2,"34.486835, -117.362274",34.486835,-117.362274,0,69.0,0,0,0,3,0,0,0,0,0,1,63235,0,0,0,1,0,0,0,0,0,15,994.8,0,70.05,0.0,1064.85,0,1,92392
47,2,0.0,1,4,16,70,Eagleville,3351,0,0,5378-IKEEG,0,0,0,0,1,0,"41.280341, -120.150381",41.280341,-120.150381,0,35.75,0,0,0,4,0,0,1,0,0,0,132,0,0,0,3,0,0,0,0,1,1,35.75,0,0.0,0.0,35.75,0,1,96110
32,7,5.67,1,3,7,78,Santa Clarita,4512,0,0,2446-PLQVO,0,0,0,1,1,2,"34.502432, -118.41459",34.502432,-118.41459,0,70.3,0,0,0,4,0,0,1,0,0,1,40077,0,0,0,2,0,0,0,0,0,1,70.3,0,5.67,0.0,75.97,0,1,91350
34,18,5.63,1,1,3,87,San Jose,2895,0,0,7295-JOMMD,0,0,1,0,1,2,"37.28682, -121.723877",37.28682,-121.723877,0,98.1,0,0,0,4,0,0,1,0,0,1,15798,1,0,0,1,0,0,1,1,1,4,396.3,0,22.52,0.0,418.82,0,1,95135
26,19,28.77,1,1,3,73,San Diego,4939,0,0,0219-YTZUE,0,0,1,1,1,2,"32.85723, -117.209769",32.85723,-117.209774,1,84.8,1,0,5,4,1,0,1,1,0,1,34902,0,0,1,3,0,0,0,1,0,4,371.9,0,115.08,0.0,486.98,1,1,92122
75,26,0.0,1,3,15,91,Reseda,4972,0,0,6702-OHFWR,0,0,1,1,1,1,"34.200175, -118.540958",34.200175,-118.540958,0,43.3,0,0,0,4,1,0,1,0,0,0,68018,0,0,0,3,1,0,1,0,0,1,43.3,0,0.0,0.0,43.3,0,1,91335
42,13,14.7,1,1,2,91,Valley Ford,2960,0,0,3097-NNSPB,0,0,0,0,1,1,"38.339996, -122.935056",38.339996,-122.935056,0,49.05,0,0,0,4,1,0,1,0,1,1,66,0,0,0,1,0,0,0,0,0,2,91.1,40,29.4,0.0,160.5,0,0,94972
64,12,0.0,1,1,5,92,Aptos,4044,0,0,2027-OAQQC,0,0,1,0,1,1,"37.013471, -121.877877",37.013471,-121.877877,0,49.05,0,0,0,1,0,0,1,0,0,0,24227,0,0,0,1,0,0,1,1,1,43,2076.2,0,0.0,20.29,2055.91,0,1,95003
71,3,2.26,1,3,7,67,Big Bend,2491,0,0,2055-PDADH,0,0,0,0,1,2,"41.096569, -121.879082",41.096569,-121.879082,0,70.4,0,0,0,4,0,0,1,0,0,1,265,0,0,0,3,1,0,0,0,0,3,204.7,0,6.78,0.0,211.48,0,1,96011
68,30,30.23,1,1,2,85,Shaver Lake,3067,0,0,1415-YFWLT,0,0,0,0,1,2,"37.223, -119.001021",37.223,-119.001021,0,89.3,0,0,0,4,0,0,1,0,0,1,642,0,0,0,1,1,0,1,0,1,1,89.3,0,30.23,0.0,119.53,0,1,93664
76,10,47.34,1,0,1,69,San Diego,4105,0,0,0265-EDXBD,0,0,0,1,1,2,"32.85723, -117.209757",32.85723,-117.209774,1,74.9,1,0,2,2,0,0,1,1,0,1,34902,0,0,1,2,1,0,0,0,0,32,2303.35,0,1514.88,0.0,3818.23,0,1,92122
53,11,4.67,1,0,1,72,Brea,3947,0,0,6086-ESGRL,0,0,0,0,1,2,"33.930199, -117.862898",33.930199,-117.862898,0,80.15,0,0,0,4,0,0,0,0,1,1,34055,0,0,0,1,0,0,1,1,0,1,80.15,0,4.67,0.0,84.82,0,1,92821
30,85,31.27,1,1,2,76,Tehachapi,5274,0,0,2519-FAKOD,0,0,1,1,1,2,"35.073777, -118.652112",35.073777,-118.652112,0,99.25,1,0,0,2,0,0,1,0,0,1,25805,0,0,0,1,0,0,1,1,1,38,3777.15,0,1188.26,0.0,4965.41,0,1,93561
26,82,2.02,1,1,5,75,Armona,3573,0,0,0195-IESCP,0,0,0,1,1,2,"36.315979, -119.710852",36.315979,-119.710852,1,85.25,1,0,1,3,0,0,1,1,0,1,2872,0,0,1,3,0,0,1,1,0,10,855.3,100,20.2,0.0,975.5,1,0,93202
21,52,33.25,1,3,13,76,South Dos Palos,4111,1,0,3104-OWCGK,0,0,1,1,1,2,"36.959731, -120.653519",36.959731,-120.653519,1,90.95,0,0,1,1,1,0,0,1,0,1,343,0,0,1,3,0,0,0,1,1,60,5453.4,0,1995.0,0.0,7448.4,1,1,93665
57,11,5.76,1,2,17,90,Lotus,4982,2,0,7317-GGVPB,0,0,1,1,1,2,"38.815515, -120.916997",38.815515,-120.916997,1,108.6,1,0,1,0,1,0,1,1,1,1,485,1,0,1,1,0,0,1,1,1,71,7690.9,20,408.96,0.0,8119.86,0,0,95651
64,5,36.17,1,1,3,96,La Mesa,4696,0,0,3208-YPIOE,0,0,0,1,1,2,"32.782501, -117.01611",32.782501,-117.01611,0,75.25,1,0,0,2,0,0,0,0,0,1,24005,0,0,0,3,0,0,0,0,0,39,3017.65,0,1410.63,0.0,4428.28,0,1,91942
57,19,18.84,1,0,1,89,Carmel By The Sea,4207,0,0,3422-LYEPQ,0,0,0,1,1,2,"36.554618, -121.922239",36.554618,-121.922239,1,71.0,0,0,1,4,0,0,1,1,0,1,2966,0,0,1,2,0,0,0,0,0,1,71.0,0,18.84,0.0,89.84,0,1,93921
51,28,45.66,1,1,4,84,Fremont,5367,0,0,5875-YPQFJ,0,0,0,1,1,2,"37.555473, -122.080312",37.555473,-122.080312,0,69.9,0,0,0,4,0,0,1,0,0,1,33883,0,0,0,3,0,0,0,0,0,1,69.9,0,45.66,0.0,115.56,0,1,94555
64,13,21.65,1,2,11,75,Calimesa,5644,0,0,4806-HIPDW,0,0,0,0,1,2,"33.982787, -117.057627",33.982787,-117.057627,1,68.95,0,0,1,4,0,0,1,1,0,1,7334,0,0,1,2,0,0,0,0,0,1,68.95,0,21.65,0.0,90.6,0,1,92320
76,20,12.96,1,3,15,90,Clipper Mills,4486,0,0,5649-ANRML,0,0,1,1,1,2,"39.562239, -121.14836",39.562239,-121.14836,0,95.1,0,0,0,4,1,0,1,0,1,1,282,1,0,0,3,1,0,1,0,0,2,180.25,0,25.92,0.0,206.17,0,1,95930
22,73,41.61,1,1,2,76,Templeton,4461,1,0,5136-KCKGI,0,0,1,0,1,2,"35.536115, -120.739231",35.536115,-120.739231,1,103.7,1,0,1,2,0,1,1,1,2,1,7918,0,0,1,2,0,0,1,1,1,33,3467.0,0,1373.13,0.0,4840.13,1,1,93465
42,25,35.97,1,1,2,91,Corona,4804,0,0,8938-UMKPI,0,0,1,0,1,2,"33.819385, -117.600213",33.819385,-117.600213,0,106.4,1,0,0,1,1,0,1,0,0,1,60294,0,0,0,1,0,0,1,1,1,47,5127.95,0,1690.59,0.0,6818.54,0,0,92882
51,20,17.17,1,2,17,91,Los Molinos,5563,1,0,1444-VVSGW,0,0,1,1,1,2,"40.059385, -122.091481",40.059385,-122.091481,1,115.65,1,0,1,0,1,1,0,1,1,1,3756,1,0,1,2,0,0,1,1,1,70,7968.85,10,1201.9,0.0,9180.75,0,0,96055
58,27,1.28,1,1,2,85,Carmel,3718,0,0,2207-NHRJK,0,0,0,1,1,1,"36.460611, -121.852507",36.460611,-121.852507,0,50.8,0,0,0,4,1,0,0,0,0,1,13121,0,0,0,1,0,0,0,0,0,1,50.8,0,1.28,0.0,52.08,0,1,93923
53,9,42.09,1,1,2,90,Hume,5773,0,0,9985-MWVIX,0,0,0,0,1,2,"36.807595, -118.901544",36.807595,-118.901544,0,70.15,0,0,0,4,0,0,1,0,1,1,93,0,0,0,1,0,0,0,0,0,1,70.15,0,42.09,0.0,112.24,0,1,93628
70,11,49.76,1,1,4,80,Pasadena,2104,0,0,6892-XPFPU,0,0,1,1,1,2,"34.159007, -118.087353",34.159007,-118.087353,1,104.25,1,0,3,2,1,0,1,1,0,1,32369,0,0,1,1,1,0,1,1,1,24,2433.9,0,1194.24,0.0,3628.14,0,1,91107
21,51,0.0,1,2,11,90,Oakland,5775,0,0,8348-HFYIV,0,0,1,1,1,1,"37.776523, -122.219268",37.776523,-122.219268,0,49.25,0,0,0,4,0,0,1,0,0,0,54876,0,0,0,3,0,0,1,1,1,2,90.35,0,0.0,0.0,90.35,1,1,94601
80,30,22.14,1,2,11,83,Montebello,4788,0,0,8749-JMNKX,0,0,1,1,1,2,"34.015217, -118.109962",34.015217,-118.109962,1,93.8,1,0,1,1,0,1,1,1,0,1,62425,0,0,1,1,1,0,0,0,1,51,4750.95,0,1129.14,0.0,5880.09,0,1,90640
50,11,6.95,1,0,1,83,Ontario,5111,0,0,3946-MHCZW,0,0,1,1,1,1,"34.035602, -117.591528",34.035602,-117.591528,0,50.9,0,0,0,4,0,0,0,0,1,1,56280,0,0,0,1,0,0,0,0,0,1,50.9,0,6.95,0.0,57.85,0,1,91761
61,21,4.66,1,1,5,93,San Lorenzo,2318,0,0,6641-XRPSU,0,0,0,0,1,2,"37.676249, -122.132415",37.676249,-122.132415,0,70.0,0,0,0,2,0,0,1,0,1,1,26240,0,0,0,2,0,0,0,0,0,34,2416.1,0,158.44,11.0,2563.54,0,1,94580
74,21,9.86,1,4,12,96,Buena Park,4407,0,0,0685-MLYYM,0,0,0,0,1,2,"33.845706, -118.012204",33.845706,-118.012204,0,70.75,0,0,0,4,0,0,0,0,0,1,44442,0,0,0,2,1,0,0,0,0,2,154.85,0,19.72,0.0,174.57,0,1,90620
31,8,39.66,1,1,2,69,Walnut Grove,5996,0,0,9894-EZEWG,0,0,0,0,1,2,"38.240419, -121.587535",38.240419,-121.587535,0,74.3,0,0,0,4,1,0,1,0,1,1,2344,0,0,0,1,0,0,0,0,0,1,74.3,0,39.66,0.0,113.96,0,1,95690
78,22,24.75,1,1,3,85,Indian Wells,5287,0,0,9488-HGMJH,0,0,0,0,1,2,"33.537646, -116.291089",33.537646,-116.291089,0,71.15,0,0,0,4,0,0,1,0,0,1,3873,0,0,0,3,1,0,0,0,0,1,71.15,20,24.75,0.0,115.9,0,0,92210
62,26,35.9,1,1,4,84,Albany,2404,0,0,8436-BJUMM,0,0,0,1,1,0,"37.890274, -122.295192",37.890274,-122.295192,1,83.75,1,0,1,2,0,0,1,1,0,1,15882,0,0,1,3,0,0,0,0,1,26,2070.6,0,933.4,0.0,3004.0,0,1,94706
78,17,26.95,1,3,7,91,Anderson,5859,0,0,8696-JKZNU,0,0,0,0,1,2,"40.448632, -122.306657",40.448632,-122.306657,0,76.25,1,0,0,2,0,0,1,0,0,1,21418,0,0,0,3,1,0,0,0,0,37,2841.55,0,997.15,0.0,3838.7,0,1,96007
46,15,48.36,1,1,3,92,Union City,3077,0,0,8357-EQXFO,0,0,1,0,1,2,"37.59485, -122.051521",37.59485,-122.051521,0,95.35,0,0,0,4,0,0,1,0,0,1,66472,0,0,0,2,0,0,1,1,1,7,660.9,0,338.52,34.29,965.13,0,1,94587
34,22,24.32,1,1,4,74,Columbia,5435,0,0,0870-VEMYL,0,0,0,0,1,0,"38.085839, -120.37855",38.085839,-120.37855,0,53.85,0,0,0,4,0,1,0,0,1,1,2144,1,0,0,1,0,0,0,0,0,5,259.8,10,121.6,22.96,368.44,0,0,95310
59,26,30.07,1,1,2,82,Fall River Mills,2591,0,0,1157-BQCUW,0,0,0,1,1,2,"41.017282, -121.468945",41.017282,-121.468945,0,74.95,1,0,0,4,0,0,1,0,0,1,1902,0,0,0,1,0,0,0,0,0,1,74.95,0,30.07,0.0,105.02,0,1,96028
43,26,31.08,1,2,14,84,Los Angeles,5286,0,0,0897-FEGMU,0,0,1,0,1,2,"34.072945, -118.37267",34.072945,-118.37267,1,99.5,1,0,1,3,0,0,1,1,0,1,21739,0,0,1,3,0,0,1,1,1,11,1056.95,0,341.88,0.0,1398.83,0,1,90048
66,2,32.36,1,0,1,74,Coalinga,5904,0,0,5655-JSMZM,0,0,0,1,1,2,"36.186867, -120.387793",36.186867,-120.387793,0,96.2,1,0,0,1,0,0,1,0,0,1,18036,0,0,0,2,1,0,1,0,1,49,4718.25,0,1585.64,0.0,6303.89,0,1,93210
46,21,14.28,1,3,7,67,Los Angeles,4934,0,0,8593-WHYHV,0,0,0,1,1,2,"33.958149, -118.308441",33.958149,-118.308441,0,85.3,1,0,0,4,0,0,1,0,0,1,47107,0,0,0,1,0,0,1,1,0,3,264.8,0,42.84,0.0,307.64,0,1,90047
59,25,20.26,1,1,2,72,Berkeley,3666,0,0,4013-TLDHQ,0,0,1,1,1,2,"37.871416, -122.246597",37.871416,-122.246597,0,78.25,0,0,0,3,1,0,1,0,0,1,21205,0,0,0,1,0,0,0,0,0,19,1490.95,0,384.94,0.0,1875.89,0,1,94704
41,12,48.77,1,1,2,82,Los Angeles,4688,1,0,6097-EQISJ,0,0,1,0,1,2,"34.001617, -118.222274",34.001617,-118.222274,1,102.45,1,0,1,0,1,0,1,1,1,1,3642,0,0,1,1,0,0,1,1,1,66,6615.15,130,3218.82,0.0,9963.97,0,0,90058
62,11,22.57,1,1,3,90,San Diego,5949,0,0,9465-RWMXL,0,0,1,1,1,2,"32.886925, -117.152162",32.886925,-117.152162,1,78.9,1,0,1,2,0,0,1,1,0,1,74232,0,0,1,3,0,0,0,0,0,32,2447.95,0,722.24,0.0,3170.19,0,1,92126
36,10,45.03,1,1,2,84,Rancho Cordova,2098,1,0,3058-HJCUY,0,0,1,1,1,2,"38.591134, -121.161585",38.591134,-121.161585,1,102.6,1,0,1,1,0,0,1,1,0,1,299,1,0,1,1,0,0,1,1,1,41,4213.35,0,1846.23,2.93,6056.65,0,1,95742
77,21,42.06,1,1,2,91,Redlands,2169,0,0,1866-RZZQS,0,0,1,1,1,2,"34.003243, -117.138286",34.003243,-117.138286,0,98.4,1,0,0,1,0,0,1,0,0,1,31230,0,0,0,1,1,0,1,0,1,41,4187.75,0,1724.46,0.0,5912.21,0,1,92373
65,22,20.99,1,3,7,93,Sloughhouse,5569,0,0,2720-WGKHP,0,0,0,1,1,2,"38.470423, -121.114897",38.470423,-121.114897,0,94.0,1,0,0,4,0,0,1,0,0,1,4731,0,0,0,1,1,0,1,1,1,2,181.7,0,41.98,0.0,223.68,0,1,95683
30,51,41.95,1,4,9,89,Fair Oaks,5643,0,0,4558-FANTW,0,0,0,0,1,2,"38.652065, -121.25441",38.652065,-121.25441,1,91.85,0,0,1,3,0,1,0,1,0,1,40750,1,0,1,1,0,0,0,0,1,17,1574.45,0,713.15,0.0,2287.6,0,1,95628
